seq,contents,reply_contents
11710,성경통독시간이 돌아왔다는 앱푸시 알림이 뜨지않게하는방법 알려주세요. 전체수신설정이 비활성화인데 알림이 옵니다,"안녕하세요, GOODTV 바이블 애플입니다. 바이블 애플을 이용해 주셔서 감사합니다.성도님, 불편을 드려 죄송합니다. 성도님께 더 이상 알림이 가지 않도록 설정 하였습니다.항상 성도님께 좋은 성경앱을 제공하기 위해 노력하는 바이블 애플이 되겠습니다.감사합니다. 주님 안에서 평안하세요."
11705,이사야13장이 파일변환이 안되네요,"안녕하세요, GOODTV 바이블 애플입니다.바이블 애플을 이용해주셔서 감사드립니다.성도님, 현재 이용하고 계신 앱의 버전이 다소 낮은 것으로 확인됩니다.구글 플레이스토어 > 바이블 애플 검색하셔서 [업데이트] 눌러 업데이트를 진행해주세요.(*구글 플레이스토어는 휴대전화 앱 메뉴 검색에서 ""플레이스토어"" 검색하시면 쉽게 찾을 수 있습니다)현재 최신 버전의 앱은 녹음 관련 문제가 수정되었습니다.업데이트 이 후에도 같은 문제가 반복되시면 다시 고객문의로 남겨주세요.항상 주님 안에서 평안하세요, 감사합니다."
11704,"개역개정 신명기 30장 시작할 때 ""30장"" 안내멘트가 없습니다.","안녕하세요, GOODTV 바이블 애플입니다.바이블 애플을 이용해주셔서 감사드립니다.이전 문의와 동일하게, 해당 문제는 ""배경음악 제거"" 로 청취하시면서안내문구가 편집된 것으로 확인됩니다.음원 수정은 부분 수정이 아닌 전체 교체가 필요한 것으로수정에 다소 시간이 소요될 수 있음을 안내드립니다. 너그러운 마음으로 양해를 부탁드립니다. 수정이 필요한 장,절 위치는 별도 기록하여 추후 수정 시 참고할 수 있도록 하겠습니다.항상 주님 안에서 평안하세요, 감사합니다."
11703,자면서듣고싶은데 타이머기능은 없나요?,"안녕하세요, GOODTV 바이블 애플입니다.바이블 애플을 이용해주셔서 감사드립니다.현재 바이블 애플에서 별도의 타이머를 설정하고 음원을 재생할 수는 없습니다다만, 찬송의 경우 듣고 싶은 장을 플레이리스트에 등록하신 뒤 플레이리스트 재생 모드로 설정한 뒤 재생 하시면 원하는 장까지만 재생이 가능한 방법이 있습니다. (*플레이리스트 설정은 설정 > 고객센터 > ""자주 묻는 질문"" 에서 ""찬송""을 클릭, ""[찬송] 플레이스트에 즐겨듣는 찬양을 모아 듣고 싶어요"" 게시글을 참고해주세요.) 타이머와 동일한 기능을 제공하는 것은 아니기 때문에, 내부적으로 해당 기능에 대해서는 검토할 수 있도록 하겠습니다.소중한 의견 제안에 감사드리며, 더 많은 기능과 콘텐츠로 성도님들의 묵상이 풍성해질 수 있도록 돕는 바이블 애플이 되겠습니다.항상 주님 안에서 평안하세요, 감사합니다."
11702,업데이트 해도 마찬가지  에요 계속 반복해서 재생이 않되고 자동 정지가 되고 알림창이 자동으로 사라지네요,"안녕하세요, GOODTV 바이블 애플입니다.바이블 애플을 이용해주셔서 감사드립니다.성도님, 우측하단 음원설정이 반복재생 혹은 연속재생으로 설정되어 있을까요?만약, 재생설정에 이상이 없다면 아래 사항을 확인하시고 재문의 남겨주시면 감사드리겠습니다. 성경 음원과 찬송 음원 중 어떤 음원이 자동 정지가 되실까요?알림창이 자동으로 사라진다는 말씀은 휴대폰 상단 바를 내렸을 때 음원 재생 표시도 함께 사라지는 문제가 맞을까요?한장 한장 모든 장에서 연속재생이 안되시는지, 아니면 5~6장 들으시다가 멈춰버리는지도 함께 말씀해주시면 감사하겠습니다. 또, 현재 성도님께서 사용하고 계신 휴대전화의 기종을 알고 계시다면 남겨주세요.(기종에 따라 반복되는 문제일 수 있어, 확인이 필요합니다. )모든 기기에 동일한 오류 현상이 나타나는 것이 아니다보니,부득이하게 성도님께 여러번 여쭙는 점 양해 부탁드립니다. 성도님께서 원활한 이용을 하실 수 있도록 끝까지 최선을 다하겠습니다. 항상 주님 안에서 평안하세요, 감사합니다."
11701,연속 재생이 않되고 멈춘 현상이 반복 합니다 개선 요망,"안녕하세요, GOODTV 바이블 애플입니다.바이블 애플을 이용해주셔서 감사드립니다.성도님, 현재 이용하고 계신 앱의 버전이 다소 낮은 것으로 확인됩니다. (최소 두번의 업데이트를 진행하지 않으신 것으로 보입니다.)구글 플레이스토어에서 바이블 애플 검색하신 뒤 [업데이트] 눌러 최신 버전으로 업데이트 해주세요.업데이트 이후에도 연속재생이 끊긴다면번거로우시겠지만 다시한번 재문의를 부탁드립니다.항상 주님 안에서 평안하세요, 감사합니다."
11683,녹음이 된것으로 파란표시 되었어도 재생 안되는 절을 다시 녹음 하나까 잘 됩니다 감사합니다,"안녕하세요, GOODTV 바이블 애플입니다.바이블 애플을 이용해주셔서 감사드립니다.문제가 해결 되었다니 다행입니다.성도님, 이용중에 또 불편하시거나 궁금하신 사항이 있으시면언제든지 1:1 문의로 남겨주세요.최대한 빠르게 확인하고 답변드릴 수 있도록 하겠습니다.언제나 행복한 말씀 묵상이 되실 수 있도록 최선을 다하는 바이블 애플이 되겠습니다.환절기 감기 조심하시고 영육간 강건하시길 소망하며 기도하겠습니다.항상 주님 안에서 평안하세요, 감사합니다."
11682,장시간찬송가틀고있는데속도가너무빨라져 정상속도로듣지못하고있어요..빠른시정부탁드려요,"안녕하세요, GOODTV 바이블 애플입니다.바이블 애플을 이용해주셔서 감사드립니다.우선, 성도님 현재 이용하고 계신 앱 버전이 너무 낮은 것으로 보입니다.먼저 구글 플레이 스토어 > 바이블 애플 검색 후 업데이트를 진행해주세요.*업데이트 하는 법 휴대전화 메뉴에서 돋보기 버튼을 눌러 ""플레이스토어"" 검색하셔서 스토어에 들어가신 뒤, 스토어에서 ""바이블 애플"" 검색해주세요. 바이블 애플 오른쪽에 [업데이트] 버튼을 눌러주세요.최신 버전이 아닌 경우 문제를 정확하게 확인하기 어렵습니다. 속도가 너무 빨라져 정상 속도로 듣지 못하신다는 말씀은듣는 중 속도가 변경되었다는 말씀이실까요?찬송가 재생 하실 때 오른쪽 아래를 보시면 [x1.0] 이런 숫자 버튼이 있습니다.해당 버튼을 누르면 0.8 (=정상 속도보다 조금 느림) 부터 2.0 (두배속) 까지 속도를 조절해서 들으실 수 있어요.혹시, 들으실 때 속도가 빠르다 생각 되시면 해당 설정이 정상속도인 x1.0 이 아닌 다른 속도로 되어 있지는 않는지 확인을 부탁드립니다.앱을 업데이트 하신 후 이용하시다가 같은 문제로 불편 겪으시면 구체적인 상황을 적어주시고, 혹은 화면 사진을 찍어 파일에 첨부해주세요.최대한 도움을 드릴 수 있도록 하겠습니다.항상 주님 안에서 평안하세요, 감사합니다."
11679,역대하 13장17절 2번째 줄에 병사들을 백성들이라고 잘못 읽으셨네요,"안녕하세요, GOODTV 바이블 애플입니다.바이블 애플을 이용해주셔서 감사드립니다.해당 구절 단어 오탈자를 확인하였습니다.성경 음원에서 오탈자가 발생하는 이유는 음원이 제작 당시의 성경 본문을 기준으로 녹음되었기 때문입니다.성경은 지속적인 연구를 바탕으로 음절, 어미, 단어의 수정이 수시로 이뤄지는 반면, 음원은 사람이 직접 녹음하는 특성 상 수시 수정이 어려워 본문과 달라지는 문제가 있습니다.보다 오차를 줄일 수 있는 방법을 모색하고 있습니다. 성도님께서 보내주신 음원 오류 제보는 별도 정리 및 관리하며 재제작할 수 있도록 준비하고 있으며앞서 설명드린대로 음원은 특성 상 일부 수정이 아닌 전체 교체가 필요한 부분이어서 수정 반영에 다소 시간이 소요될 수 있음을 양해부탁드립니다.항상 주님 안에서 평안하세요, 감사합니다."
11678,고린도후서 5장 ...  ~이 무너지면 ... 부터 낭독이 나옵니다.  앞 부분이 없어요.,"안녕하세요, GOODTV 바이블 애플입니다.바이블 애플을 이용해주셔서 감사드립니다.성도님, 현재 말씀을 들으실 때 ""배경음악 제거"" 후 청취하고 계신지요?해당 문제는 배경음악을 제거하면서 앞 구절이 들리지 않는 것으로배경음악 제거 모드를 끈 상태에서는 말씀이 정상적으로 재생 되는 것을 확인하였습니다.배경음악 제거 과정에서 앞구절이 잘린 음원은 음원 수정이 필요한 작업으로다소 시간이 소요될 것으로 보입니다.말씀해주신 고린도후서 5장 1절 초반 누락을 수정사항으로 전달할 수 있도록 하겠습니다.더불어, 현재 성도님께서 이용하고 계신 앱 버전이 다소 낮은 것으로 확인됩니다.구글 플레이스토어 > 바이블 애플 검색 후 ""업데이트"" 하시면 보다 원활한 사용 가능하실 것으로 보입니다.항상 주님 안에서 평안하세요, 감사합니다."
11677,"이 란에 오류.장애 등을 등록할 때  나이 등 필수등록 항목 중 하나라도 빠뜨리고 등록하기 버튼을 누르면  빠진 항목을 지적해주는데  빠진 항목을 보완하고 다시 등록하기 버튼을 누르면 작동이 안 되고  처으으로 다시 돌아가서 작성해야 되는 불편이 있어서 개선이 필요합니다  그리고 개선내용을 작성하는 바로 이 칸에서 내용을 수정하거나 등록하기 전에 작성한 내용을 점검하기 위해 상하로 드래그하면  이 칸의 내용이 드래그되지 않고 화면 전체가 움직여서 글 수정하기가 어렵습니다.  어떤  때는 드래그가 되고 어떤 때는 안 되어서 이 또한 개선이 요망됩니다. ","안녕하세요, GOODTV 바이블 애플입니다.바이블 애플을 이용해주셔서 감사드립니다.1:1 문의 작성 시 필수사항을 제대로 입력하지 않으면 등록하기 버튼이 눌리지 않는 현상은내부에서도 재현되어 현재 수정 중에 있습니다.놓치기 쉬운 부분을 성도님께서 찾아주셔서 큰 감사의 말씀을 드리면서도불편하고 번거롭게 해드려 죄송합니다. 더불어, 드래그 시 화면 전체가 움직이는 부분은 저희가 기기 테스트를 할 때 확인이 되지 않는 부분이라조금 더 모니터링 및 다양한 상황을 지속 테스트 하면서문제를 확인하는대로 수정 및 업데이트 할 수 있도록 하겠습니다. 소중한 시간을 들여 제보의 글을 남겨주신 성도님께 다시한번 감사합니다. 환절기 감기 조심하시고 영육간 강건하시길 기도하겠습니다. 항상 주님 안에서 평안하시길 바랍니다. 감사합니다."
11676,롬16:25 이하 누락,"안녕하세요, GOODTV 바이블 애플입니다.바이블 애플을 이용해주셔서 감사드립니다.성도님, 말씀해주신 로마서 16장 25절 확인 결과.본문 및 음원에 별다른 오류 사항을 확인하지 못하였습니다.25절 이하 누락이 구체적으로 성경 본문과 음원 중 어떤 부분인지, 성경 번역본과 함께 말씀해주시면바로 확인하여 해당 문제가 단순 오탈자인지 기기 오류인지 판단하고 도움드릴 수 있도록 하겠습니다.번거우시겠지만 앞서 말씀드린 사항에 대해 다시 재문의 남겨주시면 감사하겠습니다.항상 주님 안에서 평안하세요, 감사합니다."
11675,한절을 녹음하고 완료를 누를때 키가 작동하지 않아요,"안녕하세요, GOODTV 바이블 애플입니다.바이블 애플을 이용해주셔서 감사드립니다.성도님, 지난 주말파일 삭제 후 재녹음을 진행할 때 녹음이 안된다는 문의 남겨주셨는데,혹시 이 문의와 같은 문제이실까요?이전 문의 남겨주실 때와 앱의 버전이 달라 확인이 필요합니다. 이전 문의에 남겨주신 문제는 해결 되셨는지,한 구절 녹음할 때 완료 버튼이 잘 눌리지 않는다는 말씀이모든 구절에서 같은지 아니면 특정 구절에서만 완료가 눌러지지 않는지 확인을 부탁드립니다.오류는 모든 기기에서 똑같이 나타나는 것이 아니기 때문에 구체적인 원인과 문제 파악을 위해성도님께 부득이하게 다시 한번 여쭙는 점 양해부탁드립니다.항상 주님 안에서 평안하세요, 감사합니다."
11674,구약 아가서 1장6절 말씀에  내가 일광에 쬐어서 거무스름할찌라도 흘겨보지 말것은 내 어미의 아들들이 나를 노하여 포도원지기를 삼았음이라 나는 포도원은 내가지키지 못하였구나  해석을 어떻게 해야 할지 모르겠어요 모르는 단어는 일광이고  이유:포도원은 왜지키지 못하였는가? 궁금합니다.,"안녕하세요, GOODTV 바이블 애플입니다.바이블 애플을 이용해주셔서 감사드립니다.성도님, 저희 개발진이 성서 연구원이나 목회자가 아니기에 구체적으로 어떤 내용이다, 라고 해석하는 것은 해드릴 수 없지만,말씀해주신 단어와 구절의 쉬운 번역은 전달해드릴 수 있습니다.우리말성경 아가서 1장 6절내가 햇볕에 그을려 검다 해도 나를 업신여기지는 마세요. 내 오빠들의 성화에 못 이겨 그들의 포도원을 돌보느라 정작 내 포도원은 돌보지 못한 것이랍니다.*일광은 한자어로 日光, 즉 햇볕을 의미합니다.위 우리말 성경 구절을 읽으시면 이해에 도움이 될 것으로 생각됩니다.현재 읽고 계신 성경은 개역개정 성경이실까요 ?구절이 너무 어렵다고 생각 되실 때에는 우리말 성경이나 표준새번역과 같이보다 현대어에 맞게 번역된 성경을 비교해서 읽으시면 묵상하는데에 더 도움이 되실 것 같습니다.바이블 애플은 웹 (PC) 과 모바일에서 20가지 성경 번역본을 모두 무료로 제공하고 있습니다.두가지 번역본을 선택해 비교해서 읽기 또한 가능하니 많은 관심과 이용을 부탁드립니다.답변이 성도님께 도움이 되길 소망합니다.앱 이용중 어려움이 있으시거나 다른 궁금점이 있으시면 언제든 고객문의로 연락을 부탁드립니다.항상 주님 안에서 평안하세요, 감사합니다."
11673,녹음파일 손상되어 공유할수 없음.,"안녕하세요, GOODTV 바이블 애플입니다.바이블 애플을 이용해주셔서 감사드립니다. 성도님, 확인 결과 마태복음 27장 63절 녹음에 문제가 있는 것으로 보입니다.해당 구절만 삭제 후 재녹음을 진행하신 뒤 공유 시도 해보시겠어요?구절 재녹음 뒤 공유하실 때에도 오류 메세지 확인되시면지금처럼 화면 캡쳐해서 첨부 부탁드립니다.문제 확인 후 최대한 빠르게 답변 및 수정할 수 있도록 하겠습니다. 항상 주님 안에서 평안하세요, 감사합니다."
11672,첨부가되지않아요 Error:open_input:(-1094995529) nvalid data found ehen procrssing input,"안녕하세요, GOODTV 바이블 애플입니다.바이블 애플을 이용해주셔서 감사드립니다.성도님, 가장 최근 문의에 답변을 달았습니다. 확인을 부탁드립니다. 항상 주님 안에서 평안하세요. 감사합니다."
11671,파일 생성이 안되어 다 지우고 다시 녹음하다가 중간에 멈춰사 절의 녹음저장이 안되고 멈췄어요,"안녕하세요, GOODTV 바이블 애플입니다.바이블 애플을 이용해주셔서 감사드립니다.성도님, 전체 파일을 지우고 다시 녹음 하실 때 특정 부분에서 녹음이 안되신다는 말씀이실까요?최근 문의에 답변을 달았습니다. 확인하시고 최근 문의와 동일한 오류인지 확인을 부탁드립니다. 항상 주님 안에서 평안하세요. 감사합니다."
11669,"개역개정 출애굽기 7장 시작할 때 ""7장""안내 멘트가 없습나다.","안녕하세요, GOODTV 바이블 애플입니다.바이블 애플을 이용해주셔서 감사드립니다.성도님, 현재 말씀을 들으실 때 ""배경음악 제거"" 후 청취하고 계신지요?해당 문제는 배경음악을 제거하면서 앞 구절이 들리지 않는 것으로배경음악 제거 모드를 끈 상태에서는 말씀이 정상적으로 재생 되는 것을 확인하였습니다.배경음악 제거 과정에서 앞구절이 잘린 음원은 음원 수정이 필요한 작업으로다소 시간이 소요될 것으로 보입니다.말씀해주신 출애굽기 장 안내 누락을 수정사항으로 전달할 수 있도록 하겠습니다.항상 주님 안에서 평안하세요, 감사합니다."
11668,"저는 한국성서대학교 대학원 팀장입니다 혹시 이 어플리케이션 메인에 광고가 뜨던데  그런 광고에 관한 사항은 어디에 문의를 드려야할까요?  광고가격이나 방법등에 대해 알고 싶습니다 ","안녕하세요, GOODTV 바이블 애플입니다.바이블 애플을 이용해주셔서 감사드립니다.해당 내용 관련 부서로 전달하여,문의 주신 분의 회원정보에 입력된 연락처로 연락 드릴 수 있도록 하겠습니다.주중 직접 연락을 주실 경우 아래 웹사이트 링크 내 문의 연락처로 부탁드립니다.(GOODTV 및 바이블 애플 운영시간은 월-금 09:00 ~ 18:00 으로, 다음 주 중 전달될 수 있음을 양해부탁드립니다. )구체적인 광고 안내는 아래 GOODTV 링크를 통해 확인 부탁드립니다.https://company.goodtv.co.kr/info/info_ad.asp항상 주님 안에서 평안하세요, 감사합니다."
11667,성경 녹음을 하는데 이 구절에서 넘어 가지를 않아 진행이 안됩니다. 다른 성경읽기를 하다가 되돌아 와서 하는데도 아직도 이 구절이 안됩니다. 도와주세요,"안녕하세요, GOODTV 바이블 애플입니다.바이블 애플을 이용해주셔서 감사드립니다.해당 구절을 내부에서 확인해본 결과 구절 자체의 문제는 아닌 것으로 판단 됩니다.현재 녹음 및 녹음 파일 공유 오류에 대해 전반적인 수정 중에 있어,다소 불편하시겠지만 앱을 삭제하시면 그간 녹음하신 파일 모두 삭제되오니절대 삭제하지 마시고 조금만 기다려 주시기를 부탁드립니다. 다른 구절을 녹음하시다가 같은 문제가 발생하는 경우, 고객문의로 남겨주시면 특정 패턴에 의해 문제가 발생하는 것은 아닌지 내부에서 확인하는데 큰 도움이 되니, 번거로우시더라도 다시한번 문의를 부탁드리겠습니다.불편을 드려 죄송합니다. 항상 주님 안에서 평안하세요, 감사합니다."
11666,성경을 음성으로 재생하고 있는데 한장 들으면 다음 장으로 넘어가지 않고 끊어져요 연속재생으로 설정되어 있는데도요,"안녕하세요, GOODTV 바이블 애플입니다.바이블 애플을 이용해주셔서 감사드립니다.성도님, 혹시 매번 모든 장이 한장씩만 재생 되고 끊어지시나요?아니면 간혹 몇장 재생되다가 끊어지기도 하실까요? 번역본, 권, 장 위치를 알려주시면 혹시 음원에 문제가 있는 것은 아닌지 꼼꼼히 살펴보도록 하겠습니다.내부 직원들이 확인했을 때는 성경 음원 연속 재생 시 오류가 없었으나해당 오류를 면밀히 살펴 수정할 수 있도록 하겠습니다. 항상 주님 안에서 평안하세요, 감사합니다."
11665,찬송가 노래 없이 반주만 나오는것도 추가기능 넣어주시면 안될까요?,"안녕하세요, GOODTV 바이블 애플입니다.바이블 애플을 이용해주셔서 감사드립니다.현재 찬송가 반주 음원의 경우 저희가 임의로 노래를 제거할 수는 없는 부분이어서새롭게 저작권 계약 후 탑재가 필요한 사항으로 생각됩니다.말씀해주신 의견 참고하여 추후 기능 개선 기획 시 내부 논의할 수 있도록 하겠습니다,실제 탑재가 결정되기까지는 저작권자와의 논의 및 계약도 필요한 부분이라다소 시간이 소요될 수 있는 점 양해부탁드립니다.항상 주님 안에서 평안하세요, 감사합니다."
11664,[바이블 애플] 개역개정 역대상 28장  20. ○또 그의 아들 솔로몬에게 이르되 너는 강하고 담대하게 이 일을 행하라 두려워하지 말며 놀라지 말라 네가 여호와의 성전 공사의 모든 일을 마치기까지 여호와 하나님 나의 하나님이 너와 함께 계시사 네게서 떠나지 아니하시고 너를 버리지 아니하시리라  “네가 여호와의 성전 공사의”를 음원에서는 “네가 하나님의 성전 공사의”로 다르게 읽습니다.,"안녕하세요 , GOODTV 바이블 애플입니다.바이블 애플을 이용해주셔서 감사드립니다. 해당 제보 구절을 확인하였습니다.접수된 구절은 잘 관리하여 추후 음원 교체 시 면밀히 확인하고 탑재할 수 있도록참조하겠습니다.항상 소중한 시간을 들여 제보해주시는 성도님께 큰 감사의 말씀을 드립니다. 다소 시간이 소요되겠지만, 보다 음원과 본문의 오차를 줄일 수 있는 방법을 고심할 수 있도록 하겠습니다.항상 주님 안에서 평안하세요, 감사합니다."
11662,파일전송이 안됩니다,안녕하세요. 바이블 애플입니다.바이블 애플을 이용해주셔서 감사합니다.앱을 업데이트 한 이후에도 동일하게 파일을 못찾으신다고 나오시는 걸까요?앱을 업데이트 한 이후에도 나오시지 않으신다면 해당하는 장에 절을 재생하셔서 실제 파일이 있는지 확인해주시길 부탁드립니다.모든 파일이 존재 하는데 공유가 안되신다면 다시 문의 부탁드리겠습니다.감사합니다.주님 안에서 평안하세요.
11661,"수고많으십니다. 갑자기 찬송가 검색이 되지 않네요. 예를들면 458장이나 204장을 검색하면 이전에 사용했던 장만 계속 나옵니다. ","안녕하세요, GOODTV 바이블 애플입니다.바이블 애플을 이용해주셔서 감사드립니다.성도님, 현재 이용중이신 앱이 최신 상태가 아닌 것으로 확인됩니다. 구글 플레이 스토어 (앱 설치하는 곳) > 바이블 애플 검색 > 업데이트 버튼을 클릭해서 최신 버전으로 업데이트 하신 후같은 문제가 발생했을 때 다시 고객 문의로 남겨주시면 감사하겠습니다. 항상 주님 안에서 평안하세요, 감사합니다."
11659,녹음 파일 전송 오류 수정 중 인지 궁금 합니다.,"안녕하세요, GOODTV 바이블 애플입니다.바이블 애플을 이용해주셔서 감사드립니다.현재 낭독 녹음 파일 공유 오류를 최우선으로 점검하고 있습니다.기기별로 증상이 다르게 나타나 반복적인 테스트와 보완 작업을 진행 중이며,앱 업데이트는 반드시 스토어 심사를 거쳐야 하다 보니 예상보다 시간이 지연되고 있습니다.제한된 인력 속에서도 문제 해결을 위해 최선을 다하고 있음을 양해 부탁드립니다. 낭독 녹음은 앱의 핵심 서비스인 만큼, 성도님께서 원활히 이용하실 수 있도록 최대한 신속히 개선해 나가겠습니다.항상 주님 안에서 평안하세요, 감사합니다."
11658,1.휴대전화 앱에서늘 정상 작동합니다 단체방 앱에서는 잠깐 열렸다 금방 닫힙니다 2.단체방에서 먼저 읽은분이 올린 성경본문을 통해 열었습니다,안녕하세요. 바이블 애플입니다.바이블 애플을 이용해주셔서 감사합니다.해당 문제 확인하였습니다.문제 수정하여 내일이나 모레 중으로 업데이트 예정에 있으니 불편하시더라도 조금만 기다려주시면 감사하겠습니다.오늘도 주님 안에서 평안하세요.
11657,안녕하세요 답변 감사드립니다^^  변경을 원하는 선교사 이름은 김정진인데 김정민으로 변경 부탁드려요,"안녕하세요, GOODTV 바이블 애플입니다바이블 애플을 이용해주셔서 감사드립니다.성함 변경 완료했습니다.선교사 카드 확인하시고 이상이 있으신 경우다시 한번 고객문의로 연락주시면 빠르게 확인하고 도와드리겠습니다,귀한 참여에 감사드리며,오늘 하루도 하나님 안에서 풍성한 은혜 누리시기를 소망합니다. 감사합니다."
11656,안녕하세요. 성경 듣기를 할 때 분명 음원이 다 받아져있는데 재생이 안되서 음원 삭제후 다시 다운받으고 틀면 재생이 되요.. 문제는 모든 장을 전부 하나하나 삭제 후 재다운로드 해야 재생이 되면...   그리고 업데이트전인 다번역성경찬송 어플에서도 어제까지 전장 듣기로 쭉 들어왔는데 갑자기 예를 들어 창세기 1장 듣다가 2장으로 가야되는데 쭉 넘어가다가 어느 아모스나 이런데서 멈춰서 틀어지기도 하고 합니다... 음원관리로 가보면 틀어지는 구간은 1.5kB 정도인데. 나머지 음원은 용량이 0.0KB로 나오는게 음원이 없어서 그런듯 합니다..,"안녕하세요, GOODTV 바이블애플입니다.바이블 애플을 이용해주셔서 감사드립니다.성도님, 현재 남겨주신 글만으로는 문제를 정확히 파악할 수 없어문제가 있다는 ""음원 관리"" 페이지를 캡쳐 후 첨부해서 재문의를 부탁드립니다.재생 되는 구간이 1.5KB고 남은 음원은 0.0KB로 노출되는 부분을 첨부해주시면저희가 빠르게 문제를 파악하여 도움을 드릴 수 있도록 최선을 다하겠습니다.항상 주님 안에서 평안하세요, 감사합니다."
11655,후원해지한 적이 없는데 후원해지 문자가 왔습니다.,"안녕하세요, GOODTV 바이블 애플입니다.바이블 애플을 이용해주셔서 감사드립니다.성도님, 문의 주신 내용 유관 부서에 전달하였으며전화로 안내드린 것으로 확인됩니다. 이용 중 어려움이 있으시거나 궁금한 것이 있으신 경우 언제든 1:1 고객 문의로 남겨주시면최대한 빠르게 도와드리겠습니다.오늘 하루도 하나님 안에서 평안하시기를 기도하겠습니다. 감사합니다."
11654,시편 76편 1절에서 '크시도다'를 '알려지셨도다'로 변경해 주세요!  아울러 아직도 개역판 성경문구가 그대로 있는 곳이 있는 듯 하오니 개정해  주시면 좋겠습니다!,"안녕하세요, GOODTV 바이블 애플입니다.바이블 애플을 이용해주셔서 감사드립니다.현재 이용하고 계신 성경 번역본이 개역개정 맞으실까요?바이블 애플에서 제공하고 있는 성경 본문은 모두 저작권 계약을 통해 원문을 탑재하고 있습니다.개역개정은 대한성서공회로부터 제공받아 탑재하였습니다.말씀해주신 시편 76편 1절을 확인해본 결과,""크시도다""가 맞는 것으로 확인됩니다.원저작자인 대한성서공회에서 수정된 원문을 제공하면 변경이 가능하지만, 저희가 임의로 수정할 수 없음을 양해부탁드립니다. 항상 주님 안에서 평안하세요, 감사합니다."
11653,제가 성경 통독 25회차를 완료하고 무엇을 잘못 눌렀는데 25회차 통독 완료기록이 없어져 버렸는데 복원이 가능할까요?,안녕하세요. 바이블 애플입니다.바이블 애플을 이용해주셔서 감사합니다.확인해본 결과 통독을 삭제하신 것으로 확인됩니다.통독 삭제 시 통독 기록을 삭제하기 때문에 복구하는 것은 힘들 것 같습니다.통독 완독증서를 가지고 싶으신 것이라면 비슷한 기간의 통독을 새로 만드시고 저희가 완독처리를 해드릴 수 있습니다.필요하시면 다시 문의 부탁드립니다.속상하신 마음에 도움이 되어드리지 못한 점 죄송합니다.오늘도 주님 안에서 평안하세요.
11652,음성파일 변환못함.,안녕하세요. 바이블 애플입니다.바이블 애플을 이용해주셔서 감사합니다.말씀하여주신 현상 수정하여 스토어에 최신버전을 업데이트 했습니다.스토어에서 최신버전을 다운 받으신다면 문제없이 이용 하실 수 있습니다.감사합니다.주님 안에서 평안하세요.
11651,성경통독할때 요한복음 2장 12절이 다 보이지 않고 끊겨 보여요,"안녕하세요, GOODTV 바이블 애플입니다.바이블 애플을 이용해주셔서 감사드립니다.현재 내부에서 말씀해주신 요한복음 2장 12절을 확인하였을 때는구절이 정상 노출되어, 말씀 누락이나 전체 오류가 아닌특정 기기에서만 발생하는 절잘림 문제로 보입니다.먼저, 글자 크기를 줄여주시고 (16-18pt) 성경 앱을 완전히 종료 하신 뒤 다시 실행해보시겠어요?뒤로가기 버튼을 눌러 ""바이블 애플을 종료하시겠습니까?"" 메세지가 나올 때 [예]를 클릭하셔서 완전히 종료한 뒤다시 실행하셔서 말씀 구절을 확인하시고,잘린 구절이 정상 노출 될 때 다시 글자 크기를 원래 보시던 대로 키워주시면 됩니다. 해당 문제는1. 보고 계신 성경 본문, 요한복음 2장에 북마크 혹은 노트를 작성하였을 때북마크 및 노트의 아이콘이 성경 본문에 표시되면서 종종 화면이 밀리는 현상이 있습니다.해당 부분은 내부 개발진들이 꾸준히 모니터링하며 수정 중에 있습니다.2. 1번과 더불어 글자 크기가 크게 설정 되어 있을 때 화면에 성경 본문이 그려지다가 글자가 크면 밀려날 수 있습니다.이 역시도 수시로 모니터링하면서 수정중에 있습니다. 안내드린대로 한번 실행해보시고, 어렵거나 더 도움이 필요하신 경우 1:1 고객문의로 남겨주시면 최대한 빠르게 안내드리겠습니다.항상 주님 안에서 평안하세요, 감사합니다."
11650,핸드폰수리하느라 초기화하고 다시 했는데.. 녹음현황..이것도 초기화가 되어있네요.. 이러면 안되는거아닌가요? 바이블성경 오류도 많고 .. 오류는 사진으로 보내드리구요 초기화되서 녹음현황 안뜨는데 어떻게해야하나요,"안녕하세요, GOODTV 바이블 애플입니다.바이블 애플을 이용해주셔서 감사드립니다.성도님, 불편을 드려 죄송합니다.휴대전화 수리 시 초기화를 하셨다는 말씀은 휴대전화 전체 데이터를 초기화 하셨다는 말씀이실까요?낭독 녹음 파일은 성도님의 기기에 저장되는 기록으로휴대전화를 초기화 하게되면 데이터도 삭제될 수 밖에 없는 점 안내드립니다.따라서 파일이 존재하지 않으면 녹음 현황도 초기화 된 상태로 보이게 되며,녹음 완료로 표시되더라도 실제로는 파일이 없어 공유 불가능할 수 있습니다. 첨부해주신 화면 사진은 초기화 후 재녹음 하신 부분이실까요?초기화 후 재녹음한 파일이 공유가 안되는 것이라면 저희가 확인 후 해당 오류 수정할 수 있도록 하겠습니다.조금 답답하시겠지만, 앱을 삭제하면 위에 안내드린대로 동일하게 초기화 되기 때문에 재녹음한 파일이시라면 앱을 삭제하지 마시고 조금만 기다려 주시기를 간곡히 부탁드립니다. 다시 한번 불편을 드려 죄송합니다.개발 인력의 숫자가 한계가 있어 최대한 빠르게 대응하고자 하고 있으나부득이 하게 성도님의 불편을 바로 해결해드리지 못하는 점에 대해 늘 아쉽고 속상합니다.접수된 오류들은 가장 우선 개발 순위에 두고 작업을 진행하고 있으니너른 마음으로 양해해주시면 감사드리겠습니다.환절기 영육간에 강건하시기를 소망합니다.항상 주님 안에서 평안하세요, 감사합니다."
11649,답변 감사합니다. 근데 NIV 시편 23:1 이 다른 NIV와 내용이 다릅니다. 낭독 내용과도 다릅니다. 확인 부탁드립니다. 감사합니다.,"안녕하세요, GOODTV 바이블 애플입니다.바이블 애플을 이용해주셔서 감사드립니다.성경 음원은 제작 당시의 본문을 기준으로 녹음되었습니다. 성경 본문은 새로 개정판이 출시되지 않아도 어미, 단어, 일부 내용들이 끊임없는 연구를 통해 수정되지만성경 음원은 사람이 직접 녹음하는 특성 상 오류, 개정 내용이 접수되는대로 수정하는게 어렵습니다. (섭외한 성우를 수정을 위해 녹음실로 매일 부를 수 없기 때문입니다.)팁재 시기가 다소 경과된 NIV 성경의 경우, 이런 애로사항이 특히 많을 것으로 생각됩니다. 다만, 새롭게 개정된 음원을 탑재할 수 없는지 내부에서도 적극 검토할 수 있도록 하겠으며,사람이 직접 녹음하지 않아도 음성 낭독을 제공할 방법은 없는지 기술적인 부분도 지속적으로 고민하도록 하겠습니다.항상 주님 안에서 평안하세요, 감사합니다."
11648,안녕하세요~? 마음이 아프고 속이 상해서 자꾸만 문의글을 올리게 되네요.사실 제가 늦은 나이에 4살된 쌍둥이 손주 돌보면서 이방 저방으로 옮겨 다니며 애써 녹음을 했는데 저장된 녹음이 아예 전체 재생이 안되니 어찌함 좋을지요~? 저장된 녹음말씀을 전체 재생이 안된다면 여러가지로 힘이드는 상황에 녹음할 이유가 없지싶어 참으로 안타깝네요~~,안녕하세요. 바이블 애플입니다.바이블 애플을 이용해주셔서 감사합니다.말씀하여주신 현상 수정하여 스토어에 최신버전을 업데이트 했습니다.스토어에서 최신버전을 다운 받으신다면 문제없이 이용 하실 수 있습니다.감사합니다.주님 안에서 평안하세요.
11647,성경읽기 단톡방에서 앱을 열어 읽으려하면 잠시 화면만 뜨다가 사라지고 앱이 열리질 않습니다ㅠㅠ,"안녕하세요, GOODTV 바이블 애플입니다.바이블 애플을 이용해주셔서 감사드립니다.성도님, 불편을 드려 죄송합니다.현재 해당 문제가 접수 되면 성도님께 몇가지 확인을 요청드리고 있습니다.1. 단체방에서 링크를 통해 앱을 열 때만 문제가 발생하는 걸까요? (앱을 통하지 않고 휴대전화 메뉴에서 앱을 열면 정상적으로 열리는지 확인부탁드립니다.)2. 단체방에 공유된 링크를 통해 앱을 열어보신거라면 혹시 무엇을 공유한 문자를 통해 앱에 들어가셨나요? ( 성경 본문 공유, 오늘의 말씀 공유, 통독 초대 링크 등)3. 만약, 단체방이 아닌 메뉴에서 앱을 열었을 때도 같은 문제가 발생한다면 앱을 여실 때 인터넷 (와이파이, 데이터) 이 꺼진 상태에서 열어보셨는지 확인부탁드립니다\4. 앱에 접속하시는 순간에 광고 팝업까지는 보이시나요?확인하시고 1:1 문의에 남겨주시면저희가 빠르게 문제를 찾아 도움드릴 수 있도록 최선을 다하겠습니다.더불어, 해당 화면을 동영상으로 찍어 dev@goodtv.co.kr로 보내주시면저희가 문제를 확인하는데 정말 큰 도움이 됩니다.항상 주님 안에서 평안하세요, 감사합니다."
11646,[바이블 애플] 개역개정 스바냐 2장  10. 그들이 이런 일을 당할 것은 그들이 만군의 여호와의 백성을 훼방하고 교만하여졌음이라  음원에서는 “백성을 훼방하고” 를 “백성에 대하여”로 읽습니다,"안녕하세요, GOODTV 바이블 애플입니다.바이블 애플을 이용해주셔서 감사드립니다.성도님, 제보에 감사드립니다.해당 부분은 음원이 제작 당시 성경 본문을 기준으로 녹음되었으나현재는 개정 작업을 통해 단어가 일부 변경된것으로 보입니다.해당 부분은 임의로 수정하거나 일부 수정할 수 없는 음원의 특성 상음원 재제작 시 반영해 교체가 필요한 것으로, 다소 시간이 소요될 수 있음을 안내드립니다.제보에 감사드리며, 스바냐 2장 10절에 대한 변경 필요건은 전달할 수 있도록 하겠습니다.항상 주님 안에서 평안하세요. 감사합니다."
11645,[바이블 애플] 개역개정 스바냐 1장  18. 그들의 은과 금이 여호와의 분노의 날에 능히 그들을 건지지 못할 것이며 이 온 땅이 여호와의 질투의 불에 삼켜지리니 이는 여호와가 이 땅 모든 주민을 멸절하되 놀랍게 멸절할 것임이라   음원에서는 이 땅 모든~ 부터 녹음되지 않았습니다,"안녕하세요, GOODTV 바이블 애플입니다.바이블 애플을 이용해주셔서 감사드립니다.말씀해주신 스바냐 1장의 가장 끝 구절이 잘리는 문제를 확인하였습니다해당 문제는 음원 수정이 필요한 것으로 판단됩니다.음원 수정은 특성 상 부분 교체가 어려워 전체 수정이 필요한 작업이라시간이 다소 소요될 수 있음을 양해부탁드립니다.항상 주님 안에서 평안하세요, 감사합니다."
11644,안녕하세요  나의 신앙 일기 선교사 카드를 발급받았습니다  오타가 나서 이름의 수정이 필요하여 문의드려요^^,"안녕하세요, GOODTV 바이블 애플입니다.바이블 애플을 이용해주셔서 감사드립니다.변경을 원하시는 성함을 정확히 적어 1:1 문의로 남겨주시면확인이 되는대로 내부에서 바로 변경 도와드리겠습니다. 항상 주님 안에서 평안하세요, 감사합니다."
11643,개역개정 잠언 25장 1절 말씀은 음원이 없이 2절 부터 시작합니다.,"안녕하세요, GOODTV 바이블 애플입니다.바이블 애플을 이용해주셔서 감사드립니다.성도님, 현재 말씀을 들으실 때 ""배경음악 제거"" 후 청취하고 계신지요?해당 문제는 배경음악을 제거하면서 앞 구절이 들리지 않는 것으로배경음악 제거 모드를 끈 상태에서는 말씀이 정상적으로 재생 되는 것을 확인하였습니다. 배경음악 제거 과정에서 앞구절이 잘린 음원은 음원 수정이 필요한 작업으로 다소 시간이 소요될 것으로 보입니다. 말씀해주신 잠언 25장 1절의 누락을 수정사항으로 전달할 수 있도록 하겠습니다.불편을 드려 죄송합니다.항상 주님 안에서 평안하세요. 감사합니다."
11642,녹음 공유하기 오류가 있어서 보냅니다,"안녕하세요 바이블 애플입니다.불편을 드려 죄송합니다.현재 녹음 파일 공유 오류 관련하여 동일 증상에 대한 다수 문의가 접수되어 내부적으로 원인 확인 및 수정 작업을 진행 중입니다.이 문제는 앱이 녹음 파일을 찾지 못해 발생하는 오류인 경우가 많으니,절대 앱을 삭제하지 마시고 잠시만 기다려 주시기 바랍니다(삭제 시 녹음 파일도 삭제되어 복구가 불가능 합니다. ).번거로우시겠지만 아래 확인사항을 따라주시면 문제 원인 파악에 도움이 됩니다.1. 녹음 파일이 실제로 저장되었는지 확인공유하려는 장의 전체 절을 재생해 보세요.(전체재생 실행)일부 절에서 소리가 전혀 나오지 않으면 그 절만 선택해 다시 녹음해 주세요.간혹 ‘녹음 완료’ 표시가 있어도 실제로는 녹음이 되지 못한 경우가 있어 전체 재생으로 꼭 확인해 주십시오.2. 임시 공유 방법녹음 본문 화면에서 구절을 모두 선택한 뒤, 하단바에 [공유] 버튼으로 공유해주세요.문의 남겨주셔서 감사합니다. ﻿그리고 다시 한번 불편을 드려 죄송합니다.빠르게 문제를 확인하여 개선 할 수 있도록 최선을 다하겠습니다 .항상 성도님께 좋은 성경앱을 제공하기 위해 노력하는 바이블 애플이 되겠습니다.감사합니다. 주님 안에서 평안하세요."
11641,음성녹음한 거 파일로 전환이 안되는데 언제 고쳐지나요? 그동안 녹음한 거 어떻게 되는 건가요?,"안녕하세요 바이블 애플입니다.불편을 드려 죄송합니다.현재 녹음 파일 공유 오류 관련하여 동일 증상에 대한 다수 문의가 접수되어 내부적으로 원인 확인 및 수정 작업을 진행 중입니다.이 문제는 앱이 녹음 파일을 찾지 못해 발생하는 오류인 경우가 많으니,절대 앱을 삭제하지 마시고 잠시만 기다려 주시기 바랍니다(삭제 시 녹음 파일도 삭제되어 복구가 불가능 합니다. ).번거로우시겠지만 아래 확인사항을 따라주시면 문제 원인 파악에 도움이 됩니다.1. 녹음 파일이 실제로 저장되었는지 확인공유하려는 장의 전체 절을 재생해 보세요.(전체재생 실행)일부 절에서 소리가 전혀 나오지 않으면 그 절만 선택해 다시 녹음해 주세요.간혹 ‘녹음 완료’ 표시가 있어도 실제로는 녹음이 되지 못한 경우가 있어 전체 재생으로 꼭 확인해 주십시오.2. 임시 공유 방법녹음 본문 화면에서 구절을 모두 선택한 뒤, 하단바에 [공유] 버튼으로 공유해주세요.문의 남겨주셔서 감사합니다. ﻿그리고 다시 한번 불편을 드려 죄송합니다.빠르게 문제를 확인하여 개선 할 수 있도록 최선을 다하겠습니다 .항상 성도님께 좋은 성경앱을 제공하기 위해 노력하는 바이블 애플이 되겠습니다.감사합니다. 주님 안에서 평안하세요."
11640,언제쯤 낭독공유복구될까요? 재생도 안되던데 혹시 복구되면 따로 알려주시나요? 현재 낭독녹음중인파일은 공유되나 기존에 공유한것과 누가복음은 낭독완료로뜨나 공유안됩니다 ㅠㅠ,"안녕하세요 바이블 애플입니다.불편을 드려 죄송합니다.현재 녹음 파일 공유 오류 관련하여 동일 증상에 대한 다수 문의가 접수되어 내부적으로 원인 확인 및 수정 작업을 진행 중입니다.이 문제는 앱이 녹음 파일을 찾지 못해 발생하는 오류인 경우가 많으니,절대 앱을 삭제하지 마시고 잠시만 기다려 주시기 바랍니다(삭제 시 녹음 파일도 삭제되어 복구가 불가능 합니다. ).번거로우시겠지만 아래 확인사항을 따라주시면 문제 원인 파악에 도움이 됩니다.1. 녹음 파일이 실제로 저장되었는지 확인공유하려는 장의 전체 절을 재생해 보세요.(전체재생 실행)일부 절에서 소리가 전혀 나오지 않으면 그 절만 선택해 다시 녹음해 주세요.간혹 ‘녹음 완료’ 표시가 있어도 실제로는 녹음이 되지 못한 경우가 있어 전체 재생으로 꼭 확인해 주십시오.2. 임시 공유 방법녹음 본문 화면에서 구절을 모두 선택한 뒤, 하단바에 [공유] 버튼으로 공유해주세요.문의 남겨주셔서 감사합니다. ﻿그리고 다시 한번 불편을 드려 죄송합니다.빠르게 문제를 확인하여 개선 할 수 있도록 최선을 다하겠습니다 .항상 성도님께 좋은 성경앱을 제공하기 위해 노력하는 바이블 애플이 되겠습니다.감사합니다. 주님 안에서 평안하세요."
11638,이전에 녹음파일은 잘 나오고 공유가 잘 되었습니다. 갑자기 느헤미야 8장 장부터 되질 않아서 당황스럽네요. 또 호세아는 소리가 잘나오고 공유도 잘 됩니다. 해결할수 있는 방법 알려주세요? 아니면 다시녹음 할수 있도록 풀어 주세요?,"안녕하세요 바이블 애플입니다.불편을 드려 죄송합니다.현재 녹음 파일 공유 오류 관련하여 동일 증상에 대한 다수 문의가 접수되어 내부적으로 원인 확인 및 수정 작업을 진행 중입니다.이 문제는 앱이 녹음 파일을 찾지 못해 발생하는 오류인 경우가 많으니,절대 앱을 삭제하지 마시고 잠시만 기다려 주시기 바랍니다(삭제 시 녹음 파일도 삭제되어 복구가 불가능 합니다. ).번거로우시겠지만 아래 확인사항을 따라주시면 문제 원인 파악에 도움이 됩니다.1. 녹음 파일이 실제로 저장되었는지 확인공유하려는 장의 전체 절을 재생해 보세요.(전체재생 실행)일부 절에서 소리가 전혀 나오지 않으면 그 절만 선택해 다시 녹음해 주세요.간혹 ‘녹음 완료’ 표시가 있어도 실제로는 녹음이 되지 못한 경우가 있어 전체 재생으로 꼭 확인해 주십시오.2. 임시 공유 방법녹음 본문 화면에서 구절을 모두 선택한 뒤, 하단바에 [공유] 버튼으로 공유해주세요.문의 남겨주셔서 감사합니다. ﻿그리고 다시 한번 불편을 드려 죄송합니다.빠르게 문제를 확인하여 개선 할 수 있도록 최선을 다하겠습니다 .항상 성도님께 좋은 성경앱을 제공하기 위해 노력하는 바이블 애플이 되겠습니다.감사합니다. 주님 안에서 평안하세요."
11635,성경통독녹음파일을 다운하여 공유가 안되네요,"안녕하세요 바이블 애플입니다.불편을 드려 죄송합니다.현재 녹음 파일 공유 오류 관련하여 동일 증상에 대한 다수 문의가 접수되어 내부적으로 원인 확인 및 수정 작업을 진행 중입니다.이 문제는 앱이 녹음 파일을 찾지 못해 발생하는 오류인 경우가 많으니,절대 앱을 삭제하지 마시고 잠시만 기다려 주시기 바랍니다(삭제 시 녹음 파일도 삭제되어 복구가 불가능 합니다. ).번거로우시겠지만 아래 확인사항을 따라주시면 문제 원인 파악에 도움이 됩니다.1. 녹음 파일이 실제로 저장되었는지 확인공유하려는 장의 전체 절을 재생해 보세요.(전체재생 실행)일부 절에서 소리가 전혀 나오지 않으면 그 절만 선택해 다시 녹음해 주세요.간혹 ‘녹음 완료’ 표시가 있어도 실제로는 녹음이 되지 못한 경우가 있어 전체 재생으로 꼭 확인해 주십시오.2. 임시 공유 방법녹음 본문 화면에서 구절을 모두 선택한 뒤, 하단바에 [공유] 버튼으로 공유해주세요.문의 남겨주셔서 감사합니다. ﻿그리고 다시 한번 불편을 드려 죄송합니다.빠르게 문제를 확인하여 개선 할 수 있도록 최선을 다하겠습니다 .항상 성도님께 좋은 성경앱을 제공하기 위해 노력하는 바이블 애플이 되겠습니다.감사합니다. 주님 안에서 평안하세요."
11634,녹음 음원 공유하기에서 음성파일을 변환하지 못했습니다 라는 메시지가 나옵니다,"안녕하세요 바이블 애플입니다.불편을 드려 죄송합니다.현재 녹음 파일 공유 오류 관련하여 동일 증상에 대한 다수 문의가 접수되어 내부적으로 원인 확인 및 수정 작업을 진행 중입니다.이 문제는 앱이 녹음 파일을 찾지 못해 발생하는 오류인 경우가 많으니,절대 앱을 삭제하지 마시고 잠시만 기다려 주시기 바랍니다(삭제 시 녹음 파일도 삭제되어 복구가 불가능 합니다. ).번거로우시겠지만 아래 확인사항을 따라주시면 문제 원인 파악에 도움이 됩니다.1. 녹음 파일이 실제로 저장되었는지 확인공유하려는 장의 전체 절을 재생해 보세요.(전체재생 실행)일부 절에서 소리가 전혀 나오지 않으면 그 절만 선택해 다시 녹음해 주세요.간혹 ‘녹음 완료’ 표시가 있어도 실제로는 녹음이 되지 못한 경우가 있어 전체 재생으로 꼭 확인해 주십시오.2. 임시 공유 방법녹음 본문 화면에서 구절을 모두 선택한 뒤, 하단바에 [공유] 버튼으로 공유해주세요.문의 남겨주셔서 감사합니다. ﻿그리고 다시 한번 불편을 드려 죄송합니다.빠르게 문제를 확인하여 개선 할 수 있도록 최선을 다하겠습니다 .항상 성도님께 좋은 성경앱을 제공하기 위해 노력하는 바이블 애플이 되겠습니다.감사합니다. 주님 안에서 평안하세요."
11633,"좀전에 문의글 드렸는데요~? 녹음이 완료된 상태에서 1절을 재녹음 했더니 녹음한 1절만 또 재생이되니 참으로 답답합니다.새폰으로 옮길줄을 몰라 계속 다시 녹음해서 공유,전송을 하는데 또 이런 상태가 발생하니요~아휴~","안녕하세요 바이블 애플입니다. 바이블 애플을 이용해 주셔서 감사합니다.성도님, 이전 문의에 대해 답변을 드렸사오니, 확인해주시면 감사하겠습니다.불편을 드려 죄송합니다.빠르게 문제를 확인하여 개선 할 수 있도록 최선을 다하겠습니다 .항상 성도님께 좋은 성경앱을 제공하기 위해 노력하는 바이블 애플이 되겠습니다.감사합니다. 주님 안에서 평안하세요."
11632,"안녕하세요~? 녹음 재생도 안되고 파일 전송도 안돼니 어째요~? 더 늦기전에 교구에 인증으로 녹음을 올려야 돼요~ 빨리 빨리 전체 재생,녹음 전송 할수있도록 도와주세요~~","안녕하세요 바이블 애플입니다.불편을 드려 죄송합니다.현재 녹음 파일 공유 오류 관련하여 동일 증상에 대한 다수 문의가 접수되어 내부적으로 원인 확인 및 수정 작업을 진행 중입니다.이 문제는 앱이 녹음 파일을 찾지 못해 발생하는 오류인 경우가 많으니,절대 앱을 삭제하지 마시고 잠시만 기다려 주시기 바랍니다(삭제 시 녹음 파일도 삭제되어 복구가 불가능 합니다. ).번거로우시겠지만 아래 확인사항을 따라주시면 문제 원인 파악에 도움이 됩니다.1. 녹음 파일이 실제로 저장되었는지 확인공유하려는 장의 전체 절을 재생해 보세요.(전체재생 실행)일부 절에서 소리가 전혀 나오지 않으면 그 절만 선택해 다시 녹음해 주세요.간혹 ‘녹음 완료’ 표시가 있어도 실제로는 녹음이 되지 못한 경우가 있어 전체 재생으로 꼭 확인해 주십시오.2. 임시 공유 방법녹음 본문 화면에서 구절을 모두 선택한 뒤, 하단바에 [공유] 버튼으로 공유해주세요.문의 남겨주셔서 감사합니다. ﻿그리고 다시 한번 불편을 드려 죄송합니다.빠르게 문제를 확인하여 개선 할 수 있도록 최선을 다하겠습니다 .항상 성도님께 좋은 성경앱을 제공하기 위해 노력하는 바이블 애플이 되겠습니다.감사합니다. 주님 안에서 평안하세요."
11630,안녕하세요~? 전체 재생도 안되고 공유도 할수없고요~? 교구에 빨리 전달을 해야 되는데요~~ 계속 이리떠요~,"안녕하세요, GOODTV 바이블 애플입니다.바이블 애플을 이용해주셔서 감사드립니다.성도님, 불편을 드려서 죄송합니다.해당 문제는 실제 녹음이 진행되지 않아 파일이 존재하지 않을 때 발생하는 메세지입니다.다만, 녹음 기능 자체의 문제일 수 있으니한 절만 재녹음을 해보시고 다시 재생을 눌렀을 때 목소리가 나오는지 확인을 부탁드려도 될까요?녹음 하실 때 앞 뒤로 충분한 여유를 두고 진행했을 때도 재생 시 음성이 나오지 않는다면 1:1 문의로 남겨주세요.개발진들이 모니터링을 하면서 수정을 위해 최선을 다하고 있습니다. 급하신 경우, 전체 현황 페이지가 아닌 구절 선택을 선택하면 나오는 하단 메뉴에서 공유를 진행해보시겠어요?조금 답답하시겠지만, 앱을 삭제하시면 모든 기록이 삭제되니 삭제하지 마시고 기다려 주시면 감사하겠습니다. 다시한번 불편을 드려 죄송합니다.항상 주님 안에서 평안하세요, 감사합니다."
11628,느헤미야 1장부터 호세아 14장까지 음성녹음이 전혀 안나오는데 어떻게 해야 하나요? 해결방법을 알려주세요,"안녕하세요, GOODTV 바이블 애플입니다.바이블 애플을 이용해주셔서 감사드립니다.성도님, 지난 문의를 확인했습니다.녹음 공유를 진행하기 전 전체 재생을 하셨을 때 목소리가 전혀 나오지 않고 있다는 말씀이실까요?간혹 ‘녹음 완료’ 표시가 있어도 실제로는 녹음이 되지 못한 경우가 있습니다.만약, 녹음을 진행하고 재생 했을 때 목소리가 나오지 않는다면휴대전화가 녹음으로 인식하지 못해 앱에서 녹음이 저장되지 못한 것입니다. 이 경우, 공유 버튼을 눌렀을 때도 파일이 변환되지 않습니다.번거로우시겠지만 재생했을 때 목소리가 들리지 않는다면 다시한번 녹음을 진행해주셔야 합니다.만약, 이전에 녹음해서 공유한적이 있는 파일이거나당시에는 소리가 잘나왔는데 갑자기 안들리는 것이라면 번거로우시겠지만 다시한번 문의 부탁드립니다.항상 성도님께 좋은 성경앱을 제공하기 위해 노력하는 바이블 애플이 되겠습니다.감사합니다. 주님 안에서 평안하세요."
11627,본래 제 계정은Grace 8인데 정보수정하여 문은숙계정으로 바꾸었어요.Grace8은 삭제하고 싶은데 삭제를 할려면 어떻게 해야 될까요?,"안녕하세요, GOODTV 바이블 애플입니다.바이블 애플을 이용해주셔서 감사드립니다.성도님, 재문의 감사드립니다. 현재 성도님의 정보로 가입된 계정이 두가지로 확인됩니다. 1. 이 문의를 남겨주신 ""문은숙"" 성함으로 가입된 네이버 계정2. Grace8 로 가입된 카카오톡 계정말씀해주신대로 그룹통독에서 Grace8 계정을 빼고 싶으시다면빼고 싶은 계정에 로그인을 해서 통독에서 나가는 방법으로 진행해주셔야 합니다.아래 방법대로 차근차근 진행해주세요.1. [설정] 에서 가장 위에 있는 이름을 선택하고 [로그아웃]을 하신 뒤,Grace8 (카카오톡) 로그인을 해주세요.2. 해당 통독에 들어가면 우측 상단 [관리] 버튼이 있습니다.[관리]를 누르고 [삭제]를 누른 뒤, ""통독 계획표를 삭제하시겠습니까?"" 질문에 [삭제]를 눌러주시면 통독에서 나갈 수 있습니다.3. 다시 [설정] 에서 가장 위에 있는 이름을 선택하고Grace8 계정에서 [로그아웃]을 하신 뒤,지금 사용하고 계신 ""문은숙"" 계정, 네이버로 로그인 하시면 됩니다.어려움이 있으시다면 고객문의로 연락부탁드립니다.항상 주님 안에서 평안하세요, 감사합니다."
11626,"iPhone과 iPad에 설치된 app이 예전엔 연결이  되서 both devices에서 기록한 노트를 볼수 있었는데, 이젠 연결이 되지 않네요. help please.","안녕하세요, GOODTV 바이블 애플입니다.바이블 애플을 이용해주셔서 감사드립니다.문제를 확인하기 위해서는 구체적인 정보가 더 필요합니다.1. 아이패드에서 로그인이 가능한가요?2. 만약, 로그인은 되지만 노트만 안보이신다면 아이폰과 아이패드 중 어떤 기기에서 노트가 안보이시나요?3. 형광펜, 북마크는 보이시나요?해당 정보를 알려주시면 내부 개발진이 상황 파악 후 해결을 위해 최선을 다해 도와드리겠습니다.항상 주님 안에서 평안하세요, 감사합니다."
11625,저는 캐나다 밴쿠버에 살고 있어 전화번호가 604로 시작합니다. 미디어선교사 입력 과정에 전화번호가 9191으로 한정되어 있어 등록 과정이 진행이 안됩니다. 도와주실 수 있을까요?,"안녕하세요,GOODTV 바이블 애플입니다.바이블 애플을 이용해주셔서 감사드립니다.성도님, 지난 문의에도 답변을 남겼습니다.다시 한번 안내드립니다.이름, 전화번호 (캐나다 전화번호로 남겨주시면 됩니다. ) 이메일, 성별을 1:1 문의에 남겨주시면 바로 등록 도와드리겠습니다.현재 성도님께서 ""구글"" 계정으로 로그인 하신 것으로 확인되는데요,구글 계정에서는 동명이인, 중복계정을 구별할 정보가 없습니다.바이블 선교사로 정확히 성도님을 등록하려면 구별할 수 있는 인적사항이 필요하기에부득이 하게 요청드리는 점 양해 부탁드립니다.모든 정보는 오로지 바이블 선교사 참여를 위해서 사용되며 안전히 보관, 폐기됩니다.항상 주님 안에서 평안하세요, 감사합니다."
11624,"미디어선교사를 등록하고 싶어도 전화번호 기입에 010 전화번호가 아니어서 진행이 안됩니다. 저는 캐나다 밴쿠버에서 말씀 나눔(성경 읽기, 성경공부, 성경 암송, 성경묵상)을 하고 있는데 전화번호 때문에 미디어선교사로 응록이 안되네요 ^^","안녕하세요,GOODTV 바이블 애플입니다.바이블 애플을 이용해주셔서 감사드립니다.귀한 참여에 감사드립니다.저희가 성도님을 바이블 선교사로 등록하려면 몇가지 정보가 필요합니다.이름, 전화번호 (캐나다 전화번호로 남겨주시면 됩니다. ) 이메일, 성별을 1:1 문의에 남겨주시면 바로 등록 도와드리겠습니다.현재 성도님께서 ""구글"" 계정으로 로그인 하신 것으로 확인되는데요,구글 계정에서는 동명이인, 중복계정을 구별할 정보가 없습니다.바이블 선교사로 정확히 성도님을 등록하려면 구별할 수 있는 인적사항이 필요하기에부득이 하게 요청드리는 점 양해 부탁드립니다.모든 정보는 오로지 바이블 선교사 참여를 위해서 사용되며 안전히 보관, 폐기됩니다.항상 주님 안에서 평안하세요, 감사합니다."
11623,NIV 영어성경을 낭독을 했었는데  이번 업데이트를 하고 난 뒤는  없ㅇ졌는지 정말 알고 싶어요 그리고 다시 영어성경을 읽을 수 있게 해 주시면 정말 감사 하겠습니다,"안녕하세요, GOODTV 바이블 애플입니다.바이블 애플을 이용해주셔서 감사드립니다.성경 번역본 보실 때 NIV 성경으로만 보고 계실까요?만약 NIV 성경과 한글 성경 (개역개정, 개역한글...)을 함께 보고 계신다면번역본을 선택하는 메뉴에서 반드시 NIV 성경을 1번으로 선택해주세요. 성경 번역본이 제대로 설정되어 있다면 정상적으로 음원을 청취하실 수 있습니다. 이번 업데이트에서는 성경 음원과 관련된 작업을 진행하지 않았기 때문에,성도님께서 듣고자 하셨으나 문제가 발생하셨다면구체적인 상황을 1:1 문의에 남겨주세요 내부에서 상세히 살펴보도록 하겠습니다. 항상 주님 안에서 평안하세요, 감사합니다."
11621,"안녕하세요, 저는 대만에서 온 지금 한국에서 신학을 공부하고 있는 유학생인데요. 바이블애플을 너무 잘 썼어요. 예배 때나 공부때 항상 어플을 켜서 한국어, 중국어 말씀 대조하면서 읽습니다. 아주 가끔은 중국어 글자가 빠지거나 작은 오류가 있을 때가 있는데요, 혹시 필요하시다면 제가 도와드릴 수 있을 것 같아서 연락드린 거예요. 혹시 제가 도움 될 부분 있으면 연락주세요.","안녕하세요, GOODTV 바이블 애플입니다.바이블 애플을 이용해주셔서 감사드립니다.대만에서 한국까지 신학을 공부하러 오셨다니 하나님의 은혜가 함께하여 항상 건강하시길 소망합니다.저희 바이블 애플이 힘이 될 수 있어 기쁩니다.외국어 성경 검토에 있어 저희가 부족한 부분이 많습니다.특히, 한자어인 중국어 성경의 경우 잘못된 글자를 찾는 일이 쉽지 않아 어려움을 겪고 있습니다.성경 읽을 때 불편함을 드려 죄송한 마음과 함께,바이블 애플은 모든 성경에 있어 오탈자 접수를 적극 부탁드리고 있습니다.1:1 문의에서 [오탈자제보]를 선택하시고 문제가 되는 부분을 남겨주시면다음 업데이트에 수정을 진행합니다.말씀하신대로, 중국어 성경을 보시면서 글자가 빠지거나, 잘못 쓰인 글자를 위치와 함께 알려주시면저희가 빠르게 확인하여 수정할 수 있도록 하겠습니다.수정은 수시로 진행되고 있으니언제든 편하게 1:1 문의로 남겨주시면 감사드리겠습니다.항상 주님 안에서 평안하세요, 감사합니다."
11620,네  제 계정이 맞습니다. Grace8 계정을 빼 주세요.,"GOODTV 바이블 애플입니다.바이블 애플을 이용해주셔서 감사드립니다.성도님, 최근 문의에 답변을 남겼습니다.해당 답변을 확인하시어 문제가 발생하면 다시 또 고객문의 남겨주세요 최대한 빠르게 도와드릴 수 있도록 하겠습니다.(고객문의 답변은 월-금, 09:00~18:00 중 진행됩니다.)항상 주님 안에서 평안하세요, 감사합니다."
11619,성경을 녹음해서 공유하려고 하는데 파일 변경이 안 되네요,"안녕하세요 GOODTV 바이블 애플입니다.불편을 드려 죄송합니다.현재 녹음 파일 공유 오류 관련하여 동일 증상에 대한 다수 문의가 접수되어 내부적으로 원인 확인 및 수정 작업을 진행 중입니다.이 문제는 앱이 녹음 파일을 찾지 못해 발생하는 오류인 경우가 많으니,절대 앱을 삭제하지 마시고 잠시만 기다려 주시기 바랍니다(삭제 시 녹음 파일도 삭제되어 복구가 불가능 합니다.)번거로우시겠지만 아래 확인사항을 따라주시면 문제 원인 파악에 도움이 됩니다.1. 녹음 파일이 실제로 저장되었는지 확인공유하려는 장의 전체 절을 재생해 보세요.(전체재생 실행)일부 절에서 소리가 전혀 나오지 않으면 그 절만 선택해 다시 녹음해 주세요.간혹 ‘녹음 완료’ 표시가 있어도 실제로는 녹음이 되지 못한 경우가 있어 전체 재생으로 꼭 확인해 주십시오.2. 임시 공유 방법녹음 본문 화면에서 구절을 모두 선택한 뒤, 하단바에 [공유] 버튼으로 공유해주세요.문의 남겨주셔서 감사합니다. 그리고 다시 한번 불편을 드려 죄송합니다.빠르게 문제를 확인하여 개선 할 수 있도록 최선을 다하겠습니다 .항상 성도님께 좋은 성경앱을 제공하기 위해 노력하는 바이블 애플이 되겠습니다.감사합니다. 주님 안에서 평안하세요."
11615,출9:1~2절이 듣기에서 없어요 3절부터 읽으시네요 두번이나들어봤는데 남성목소리로 듣기하는데 없습니다 확인해주세요,"안녕하세요, GOODTV 바이블 애플입니다.바이블 애플을 이용해주셔서 감사드립니다.성도님, 묵상에 불편을 드려 죄송합니다. 혹시 성경 음원을 들으실 때 [배경음악 제거] 후 사용하시나요?내부에서 확인하기로는 배경음악이 있는 음원에서는 정상적으로 재생되고 있습니다. [배경음악 제거] 후 음원을 들으실 때 앞 구절이 잘린다면해당 문제는 배경음악을 기존 음원에서 제거하는 과정에서 발생한 것으로, 성경 음원 수정 작업이 필요합니다.다만, 성경 음원의 특성 상 부분 수정 및 교체가 어려운 상황이라추후 오탈자, 개정 본문을 반영하여 음원을 재제작하고 탑재할 예정입니다.이 과정은 저작권자와의 협의도 필요하여, 다소 시간이 소요될 수 있습니다.해당 문제는 개발진 논의 후 최대한 빠르게 수정할 수 있는 방향을 모색해보겠습니다. 다시한번 불편을 드려 죄송한 마음을 전해드리며, 소중한 제보에 깊은 감사를 드립니다.항상 주님 안에서 평안하세요, 감사합니다."
11614,안녕하세요~  Niv성경이 오디오와 성경이 다른데 확인 부탁드려요ㅠ 늘 감사합니다??,"안녕하세요, GOODTV 바이블 애플입니다.바이블 애플을 이용해주셔서 감사드립니다.성도님, 불편을 드려서 죄송합니다.다만, 음원 수정에는 긴 시간이 필요해 바로 반영이 어려운 점을 안내 드립니다.현재 제공되고 있는 성경 음원은 제작 당시의 성경 본문을 기준으로 녹음 되었습니다.따라서 연구를 바탕으로 끊임없이 개정 되는 본문 글자와는 다르게,사람이 직접 녹음하는 특성 상 수시 수정이 불가능한 음원은 수정에 다소 시간이 소요됩니다. 본문과 다른 구절은 성도님들의 제보를 바탕으로 정리하여 따로 관리하고 있으며해당 내용은 개발진들이 추후 음원을 수정하고 교체할 때 참고하고 있습니다. 음원과 본문이 불일치에 대해서는 내부에서 계속 논의하여 더 나은 방향을 찾을 수 있도록 노력하겠습니다많이 불편하시겠지만 양해를 부탁드립니다. 묵상 중 불편을 드려 죄송합니다.항상 주님 안에서 평안하세요, 감사합니다."
11613,음성파일로 전환이 안됩니다,"안녕하세요 GOODTV 바이블 애플입니다.불편을 드려 죄송합니다.현재 녹음 파일 공유 오류 관련하여 동일 증상에 대한 다수 문의가 접수되어 내부적으로 원인 확인 및 수정 작업을 진행 중입니다.이 문제는 앱이 녹음 파일을 찾지 못해 발생하는 오류인 경우가 많으니,절대 앱을 삭제하지 마시고 잠시만 기다려 주시기 바랍니다(삭제 시 녹음 파일도 삭제되어 복구가 불가능 합니다.)번거로우시겠지만 아래 확인사항을 따라주시면 문제 원인 파악에 도움이 됩니다.1. 녹음 파일이 실제로 저장되었는지 확인공유하려는 장의 전체 절을 재생해 보세요.(전체재생 실행)일부 절에서 소리가 전혀 나오지 않으면 그 절만 선택해 다시 녹음해 주세요.간혹 ‘녹음 완료’ 표시가 있어도 실제로는 녹음이 되지 못한 경우가 있어 전체 재생으로 꼭 확인해 주십시오.2. 임시 공유 방법녹음 본문 화면에서 구절을 모두 선택한 뒤, 하단바에 [공유] 버튼으로 공유해주세요.문의 남겨주셔서 감사합니다. 그리고 다시 한번 불편을 드려 죄송합니다.빠르게 문제를 확인하여 개선 할 수 있도록 최선을 다하겠습니다 .항상 성도님께 좋은 성경앱을 제공하기 위해 노력하는 바이블 애플이 되겠습니다.감사합니다. 주님 안에서 평안하세요."
11612,녹음파일 공유가 안됩니다,"안녕하세요 GOODTV 바이블 애플입니다.불편을 드려 죄송합니다.현재 녹음 파일 공유 오류 관련하여 동일 증상에 대한 다수 문의가 접수되어 내부적으로 원인 확인 및 수정 작업을 진행 중입니다.이 문제는 앱이 녹음 파일을 찾지 못해 발생하는 오류인 경우가 많으니,절대 앱을 삭제하지 마시고 잠시만 기다려 주시기 바랍니다(삭제 시 녹음 파일도 삭제되어 복구가 불가능 합니다.)번거로우시겠지만 아래 확인사항을 따라주시면 문제 원인 파악에 도움이 됩니다.1. 녹음 파일이 실제로 저장되었는지 확인공유하려는 장의 전체 절을 재생해 보세요.(전체재생 실행)일부 절에서 소리가 전혀 나오지 않으면 그 절만 선택해 다시 녹음해 주세요.간혹 ‘녹음 완료’ 표시가 있어도 실제로는 녹음이 되지 못한 경우가 있어 전체 재생으로 꼭 확인해 주십시오.2. 임시 공유 방법녹음 본문 화면에서 구절을 모두 선택한 뒤, 하단바에 [공유] 버튼으로 공유해주세요.문의 남겨주셔서 감사합니다. 그리고 다시 한번 불편을 드려 죄송합니다.빠르게 문제를 확인하여 개선 할 수 있도록 최선을 다하겠습니다 .항상 성도님께 좋은 성경앱을 제공하기 위해 노력하는 바이블 애플이 되겠습니다.감사합니다. 주님 안에서 평안하세요."
11611,Grace8  1명은 삭제가 안되네요,"안녕하세요, GOODTV 바이블 애플입니다.바이블 애플을 사용해 주셔서 감사합니다.성도님께서 말씀해 주신 내용을 조금 더 정확히 알기 위해 두 가지를 여쭙고 싶습니다.1. 성도님이 보내주신 화면을 보니 ‘Grace8’이라는 이름으로 된 6번째 계정이 있습니다. 이 계정도 성도님께서 쓰시는 계정이 맞으실까요?2. “삭제하고 싶다”는 말씀은, 여러 계정이 함께 통독에 참여하는 상황에서 그 계정을 빼고, 하나의 계정만 남겨서 통독을 하고 싶다는 뜻이실까요?확실히 확인되면 성도님께 더 빠르고 정확하게 도와드릴 수 있습니다.번거로우시겠지만 1:1 문의로 다시 남겨주시면 감사하겠습니다.늘 주님 안에서 평안하시길 기도드립니다. 감사합니다."
11610,"중국어 간체 성경, 누가복음 1장 2절 말씀이 생략된 것 같아요~  성경 앱 정말 유용하게 잘 사용하고 있습니다. 감사합니다!",안녕하세요 바이블 애플입니다. 문의 남겨주셔서 감사합니다. 문의 주신 중국어 간체 번역본의 2절은 빈칸 처리가 맞습니다. 누가복음 1장 1절에 2절의 내용이 포함되어 있습니다. 저희가 갖고있는 번역본 그대로를 제공드리는 부분이어서 절이 묶여 있는 경우 a로 빈처리가 되는 경우가 있습니다. 참고하시어 이용해주세요 감사합니다.
11609,아가페 성경처럼 성경사전이 있으면 좋겠습니다,"안녕하세요,GOODTV 바이블 애플입니다.바이블 애플을 이용해주셔서 감사드립니다.성경 본문 우측 상단 [메뉴] 버튼을 클릭하시면성경 사전을 찾으실 수 있습니다. (검색 버튼 바로 아래 있습니다.)성경 사전을 클릭하시고 원하는 단어를 검색하시면 낱말의 풀이 및 내용을 찾으실 수 있으니참고하시어 묵상에 도움이 되기를 소망합니다.항상 주님 안에서 평안하세요, 감사합니다."
11608,"통독 하고 있는데요, 듣기로 하는데 연속재생으로 설정을 해놓아도 한 장이 다 읽히면 계획표보기 가 뜨고 멈춰요  연속재생이 도대체 어떻게 되는건가요?","안녕하세요 바이블 애플입니다. 현재 성도님이 진행하시는 통독은 하루 1장 읽기 신약 통독으로 확인됩니다. 하루 읽을 장수를 지정하여 만드신 통독은 일정에 맞게 하루의 분량을 다 읽으시면 배지가 지급됩니다.통독 계획표에서 보시면 일차수 앞에 날짜가 적혀 있습니다. 하루 장수를 지정하여 진행하시는 통독은 그 계획에 맞게 진행되는것을 돕기 위한 안배가 되어 있습니다. 하루에 지정된 장수를 읽는 것이 불편하시다면 통독계획을 만드 실 때 장수를 선택하시는 곳에서 ""자유롭게"" 읽기를 선택하시면연속으로 쭉 들으실 수 있습니다. 자유롭게 읽으시는 통독에는 하루에 한번이라도 읽으시면 그날의 배지가 부여됩니다. 이용에 도움이 되셨길 바랍니다. 감사합니다."
11607,녹음공유하기가 실행되지 않습니다 고객센터 문의하래요,"안녕하세요 GOODTV 바이블 애플입니다.불편을 드려 죄송합니다.현재 녹음 파일 공유 오류 관련하여 동일 증상에 대한 다수 문의가 접수되어 내부적으로 원인 확인 및 수정 작업을 진행 중입니다.이 문제는 앱이 녹음 파일을 찾지 못해 발생하는 오류인 경우가 많으니,절대 앱을 삭제하지 마시고 잠시만 기다려 주시기 바랍니다(삭제 시 녹음 파일도 삭제되어 복구가 불가능 합니다.)번거로우시겠지만 아래 확인사항을 따라주시면 문제 원인 파악에 도움이 됩니다.1. 녹음 파일이 실제로 저장되었는지 확인공유하려는 장의 전체 절을 재생해 보세요.(전체재생 실행)일부 절에서 소리가 전혀 나오지 않으면 그 절만 선택해 다시 녹음해 주세요.간혹 ‘녹음 완료’ 표시가 있어도 실제로는 녹음이 되지 못한 경우가 있어 전체 재생으로 꼭 확인해 주십시오.2. 임시 공유 방법녹음 본문 화면에서 구절을 모두 선택한 뒤, 하단바에 [공유] 버튼으로 공유해주세요.문의 남겨주셔서 감사합니다. 그리고 다시 한번 불편을 드려 죄송합니다.빠르게 문제를 확인하여 개선 할 수 있도록 최선을 다하겠습니다 .항상 성도님께 좋은 성경앱을 제공하기 위해 노력하는 바이블 애플이 되겠습니다.감사합니다. 주님 안에서 평안하세요."
11606,첨부파일참조,"안녕하세요 GOODTV 바이블 애플입니다.불편을 드려 죄송합니다.현재 녹음 파일 공유 오류 관련하여 동일 증상에 대한 다수 문의가 접수되어 내부적으로 원인 확인 및 수정 작업을 진행 중입니다.이 문제는 앱이 녹음 파일을 찾지 못해 발생하는 오류인 경우가 많으니,절대 앱을 삭제하지 마시고 잠시만 기다려 주시기 바랍니다(삭제 시 녹음 파일도 삭제되어 복구가 불가능 합니다.)번거로우시겠지만 아래 확인사항을 따라주시면 문제 원인 파악에 도움이 됩니다.1. 녹음 파일이 실제로 저장되었는지 확인공유하려는 장의 전체 절을 재생해 보세요.(전체재생 실행)일부 절에서 소리가 전혀 나오지 않으면 그 절만 선택해 다시 녹음해 주세요.간혹 ‘녹음 완료’ 표시가 있어도 실제로는 녹음이 되지 못한 경우가 있어 전체 재생으로 꼭 확인해 주십시오.2. 임시 공유 방법녹음 본문 화면에서 구절을 모두 선택한 뒤, 하단바에 [공유] 버튼으로 공유해주세요.문의 남겨주셔서 감사합니다. 그리고 다시 한번 불편을 드려 죄송합니다.빠르게 문제를 확인하여 개선 할 수 있도록 최선을 다하겠습니다 .항상 성도님께 좋은 성경앱을 제공하기 위해 노력하는 바이블 애플이 되겠습니다.감사합니다. 주님 안에서 평안하세요."
11605,녹음파일 업로드 안됨,"안녕하세요 GOODTV 바이블 애플입니다.불편을 드려 죄송합니다.현재 녹음 파일 공유 오류 관련하여 동일 증상에 대한 다수 문의가 접수되어 내부적으로 원인 확인 및 수정 작업을 진행 중입니다.이 문제는 앱이 녹음 파일을 찾지 못해 발생하는 오류인 경우가 많으니,절대 앱을 삭제하지 마시고 잠시만 기다려 주시기 바랍니다(삭제 시 녹음 파일도 삭제되어 복구가 불가능 합니다.)번거로우시겠지만 아래 확인사항을 따라주시면 문제 원인 파악에 도움이 됩니다.1. 녹음 파일이 실제로 저장되었는지 확인공유하려는 장의 전체 절을 재생해 보세요.(전체재생 실행)일부 절에서 소리가 전혀 나오지 않으면 그 절만 선택해 다시 녹음해 주세요.간혹 ‘녹음 완료’ 표시가 있어도 실제로는 녹음이 되지 못한 경우가 있어 전체 재생으로 꼭 확인해 주십시오.2. 임시 공유 방법녹음 본문 화면에서 구절을 모두 선택한 뒤, 하단바에 [공유] 버튼으로 공유해주세요.문의 남겨주셔서 감사합니다. 그리고 다시 한번 불편을 드려 죄송합니다.빠르게 문제를 확인하여 개선 할 수 있도록 최선을 다하겠습니다 .항상 성도님께 좋은 성경앱을 제공하기 위해 노력하는 바이블 애플이 되겠습니다.감사합니다. 주님 안에서 평안하세요."
11604,사무엘상 17장 20절  개역한글  성경말씀에 누락이 있습니다,"안녕하세요, GOODTV 바이블 애플입니다.바이블 애플을 이용해주셔서 감사드립니다.성도님, 문의주신 개역한글 사무엘상 17장 20절을 확인하였습니다.말씀 하신 누락 내용은 ""마침 군대가 전장에 나와서"" 부분인 것으로 보입니다.해당 구절 수정 작업을 위해 전달하였습니다.본문 오탈자는 앱 업데이트가 필요한 부분이어서 다소 시간이 소요될 수 있음을 양해부탁드립니다.다시 한번 귀중한 제보에 감사드리며,묵상 중 불편을 드려 죄송합니다.항상 주님 안에서 평안하세요, 감사합니다."
11603,음원공유에 장애가 발생하였습니다  빠른 해결 부탁드립니다,"안녕하세요 GOODTV 바이블 애플입니다.불편을 드려 죄송합니다.현재 녹음 파일 공유 오류 관련하여 동일 증상에 대한 다수 문의가 접수되어 내부적으로 원인 확인 및 수정 작업을 진행 중입니다.이 문제는 앱이 녹음 파일을 찾지 못해 발생하는 오류인 경우가 많으니,절대 앱을 삭제하지 마시고 잠시만 기다려 주시기 바랍니다(삭제 시 녹음 파일도 삭제되어 복구가 불가능 합니다.)번거로우시겠지만 아래 확인사항을 따라주시면 문제 원인 파악에 도움이 됩니다.1. 녹음 파일이 실제로 저장되었는지 확인공유하려는 장의 전체 절을 재생해 보세요.(전체재생 실행)일부 절에서 소리가 전혀 나오지 않으면 그 절만 선택해 다시 녹음해 주세요.간혹 ‘녹음 완료’ 표시가 있어도 실제로는 녹음이 되지 못한 경우가 있어 전체 재생으로 꼭 확인해 주십시오.2. 임시 공유 방법녹음 본문 화면에서 구절을 모두 선택한 뒤, 하단바에 [공유] 버튼으로 공유해주세요.문의 남겨주셔서 감사합니다. 그리고 다시 한번 불편을 드려 죄송합니다.빠르게 문제를 확인하여 개선 할 수 있도록 최선을 다하겠습니다 .항상 성도님께 좋은 성경앱을 제공하기 위해 노력하는 바이블 애플이 되겠습니다.감사합니다. 주님 안에서 평안하세요."
11602,음원공유 오류가 있습니다. 해결해 주세요,"안녕하세요 바이블 애플입니다.불편을 드려 죄송합니다. 현재 녹음 파일 공유 오류 관련하여 동일 증상에 대한 다수 문의가 접수되어 내부적으로 원인 확인 및 수정 작업을 진행 중입니다. 이 문제는 앱이 녹음 파일을 찾지 못해 발생하는 오류인 경우가 많으니, 절대 앱을 삭제하지 마시고 잠시만 기다려 주시기 바랍니다(삭제 시 녹음 파일도 삭제되어 복구가 불가능 합니다. ).번거로우시겠지만 아래 확인사항을 따라주시면 문제 원인 파악에 도움이 됩니다.1. 녹음 파일이 실제로 저장되었는지 확인공유하려는 장의 전체 절을 재생해 보세요.(전체재생 실행)일부 절에서 소리가 전혀 나오지 않으면 그 절만 선택해 다시 녹음해 주세요.간혹 ‘녹음 완료’ 표시가 있어도 실제로는 녹음이 되지 못한 경우가 있어 전체 재생으로 꼭 확인해 주십시오.2. 임시 공유 방법녹음 본문 화면에서 구절을 모두 선택한 뒤, 하단바에 [공유] 버튼으로 공유해주세요.문의 남겨주셔서 감사합니다. 그리고 다시 한번 불편을 드려 죄송합니다. 빠르게 문제를 확인하여 개선 할 수 있도록 최선을 다하겠습니다 .항상 성도님께 좋은 성경앱을 제공하기 위해 노력하는 바이블 애플이 되겠습니다.감사합니다. 주님 안에서 평안하세요."
11601,낭독녹음 파일변경 오류,"안녕하세요 GOODTV 바이블 애플입니다.불편을 드려 죄송합니다.현재 녹음 파일 공유 오류 관련하여 동일 증상에 대한 다수 문의가 접수되어 내부적으로 원인 확인 및 수정 작업을 진행 중입니다.이 문제는 앱이 녹음 파일을 찾지 못해 발생하는 오류인 경우가 많으니,절대 앱을 삭제하지 마시고 잠시만 기다려 주시기 바랍니다(삭제 시 녹음 파일도 삭제되어 복구가 불가능 합니다.)번거로우시겠지만 아래 확인사항을 따라주시면 문제 원인 파악에 도움이 됩니다.1. 녹음 파일이 실제로 저장되었는지 확인공유하려는 장의 전체 절을 재생해 보세요.(전체재생 실행)일부 절에서 소리가 전혀 나오지 않으면 그 절만 선택해 다시 녹음해 주세요.간혹 ‘녹음 완료’ 표시가 있어도 실제로는 녹음이 되지 못한 경우가 있어 전체 재생으로 꼭 확인해 주십시오.2. 임시 공유 방법녹음 본문 화면에서 구절을 모두 선택한 뒤, 하단바에 [공유] 버튼으로 공유해주세요.문의 남겨주셔서 감사합니다. 그리고 다시 한번 불편을 드려 죄송합니다.빠르게 문제를 확인하여 개선 할 수 있도록 최선을 다하겠습니다 .항상 성도님께 좋은 성경앱을 제공하기 위해 노력하는 바이블 애플이 되겠습니다.감사합니다. 주님 안에서 평안하세요."
11599,녹음 공유가 안됩니다.,"안녕하세요 GOODTV 바이블 애플입니다.불편을 드려 죄송합니다.현재 녹음 파일 공유 오류 관련하여 동일 증상에 대한 다수 문의가 접수되어 내부적으로 원인 확인 및 수정 작업을 진행 중입니다.이 문제는 앱이 녹음 파일을 찾지 못해 발생하는 오류인 경우가 많으니,절대 앱을 삭제하지 마시고 잠시만 기다려 주시기 바랍니다(삭제 시 녹음 파일도 삭제되어 복구가 불가능 합니다.)번거로우시겠지만 아래 확인사항을 따라주시면 문제 원인 파악에 도움이 됩니다.1. 녹음 파일이 실제로 저장되었는지 확인공유하려는 장의 전체 절을 재생해 보세요.(전체재생 실행)일부 절에서 소리가 전혀 나오지 않으면 그 절만 선택해 다시 녹음해 주세요.간혹 ‘녹음 완료’ 표시가 있어도 실제로는 녹음이 되지 못한 경우가 있어 전체 재생으로 꼭 확인해 주십시오.2. 임시 공유 방법녹음 본문 화면에서 구절을 모두 선택한 뒤, 하단바에 [공유] 버튼으로 공유해주세요.문의 남겨주셔서 감사합니다. 그리고 다시 한번 불편을 드려 죄송합니다.빠르게 문제를 확인하여 개선 할 수 있도록 최선을 다하겠습니다 .항상 성도님께 좋은 성경앱을 제공하기 위해 노력하는 바이블 애플이 되겠습니다.감사합니다. 주님 안에서 평안하세요."
11598,성경 불 러올때 장 절이 왼쪽으로 치우쳐 나옵니다,"안녕하세요, GOODTV 바이블 애플입니다.바이블 애플을 이용해주셔서 감사드립니다. 성도님, 첨부해주신 화면을 확인하였습니다.혹시 앱을 완전히 종료 하신 후 (뒤로가기를 통해 ""바이블 애플을 종료하시겠습니까?"" 화면에서 ""예""를 선택해주세요)재실행해도 화면이 제대로 보이지 않으실까요?앱을 완전히 종료하신 후 다시 재실행하시거나,녹음된 파일이 없으신 경우 번거로우시겠지만 삭제 후 재설치 부탁드립니다.이 후에도 같은 오류가 발생하면 다시 고객문의로 연락을 남겨주세요. 바이블 애플은 일반 휴대전화에 맞추어 제작된 앱 서비스로, 태블릿 PC의 화면은 통상적인 휴대전화 화면과는 달라 화면을 그릴 때 오류 발생 가능성이 높습니다. 현재 태블릿 PC 화면 최적화 작업을 진행중에 있으니, 조금만 기다려주시면 태블릿에서 더 원활한 묵상이 가능하실 것으로 생각됩니다. 불편을 드려 죄송합니다.항상 주님 안에서 평안하세요, 감사합니다."
11597,"안녕하세요, 녹음파일이 공유되지 않습니다. 에러 확인 부탁드립니다","안녕하세요 GOODTV 바이블 애플입니다.불편을 드려 죄송합니다.현재 녹음 파일 공유 오류 관련하여 동일 증상에 대한 다수 문의가 접수되어 내부적으로 원인 확인 및 수정 작업을 진행 중입니다.이 문제는 앱이 녹음 파일을 찾지 못해 발생하는 오류인 경우가 많으니,절대 앱을 삭제하지 마시고 잠시만 기다려 주시기 바랍니다(삭제 시 녹음 파일도 삭제되어 복구가 불가능 합니다.)번거로우시겠지만 아래 확인사항을 따라주시면 문제 원인 파악에 도움이 됩니다.1. 녹음 파일이 실제로 저장되었는지 확인공유하려는 장의 전체 절을 재생해 보세요.(전체재생 실행)일부 절에서 소리가 전혀 나오지 않으면 그 절만 선택해 다시 녹음해 주세요.간혹 ‘녹음 완료’ 표시가 있어도 실제로는 녹음이 되지 못한 경우가 있어 전체 재생으로 꼭 확인해 주십시오.2. 임시 공유 방법녹음 본문 화면에서 구절을 모두 선택한 뒤, 하단바에 [공유] 버튼으로 공유해주세요.문의 남겨주셔서 감사합니다. 그리고 다시 한번 불편을 드려 죄송합니다.빠르게 문제를 확인하여 개선 할 수 있도록 최선을 다하겠습니다 .항상 성도님께 좋은 성경앱을 제공하기 위해 노력하는 바이블 애플이 되겠습니다.감사합니다. 주님 안에서 평안하세요."
11596,"성경통독, 특히 속독을 하면서 굉장히 잘 활용하고 있습니다~  1. 시편의 1절위에 쓰여있는 글을 꼭 읽어주시길 부탁드립니다. 원래는 그 글이 1절입니다. 예로 다윗의시~~ 이런 글들을 꼭 넣어주시길 부탁드려요  2. 성경의 핵심 주제를 곳곳에 넣어주시면 좋을듯 합니다. 예로  천지 창조, 사자굴 속의 다니엘~~ 이런 것을 글로 넣어 주시면 한층 좋을듯 합니다~","안녕하세요, GOODTV 바이블 애플입니다.바이블 애플을 이용해주셔서 감사드립니다.성도님, 소중한 의견 제안에 감사드립니다.1번 - 음원 녹음에 소제목을 포함하는 것에 대해서는 추후 재녹음, 재제작 시 참고할 수 있도록 하겠습니다.2번 의견의 경우, 저희가 제공하고 있는 성경 번역본 및 콘텐츠에는 원저작권자 (예: 대한성서공회) 와 계약 사항에 편집 권한이 포함되어 있지 않아다소 어려울 수 있습니다. 그러나 성경 번역본을 수정하지 않는 선에서 기능적으로 제공 가능한 부분이 있는지 개발진이 충분히 검토 후 향후 기능 고도화 및 업데이트를 위한 기획 시 참고할 수 있도록 하겠습니다.다시 한번 귀한 시간 내시어 의견을 전해주신 성도님께 감사드리며,오늘 하루도 하나님 안에서 평안한 하루 되시기를 소망합니다."
11595,느헤미야 녹음파일 다운로드  안됩니다,"안녕하세요 바이블 애플입니다.불편을 드려 죄송합니다. 현재 녹음 파일 공유 오류 관련하여 동일 증상에 대한 다수 문의가 접수되어 내부적으로 원인 확인 및 수정 작업을 진행 중입니다. 이 문제는 앱이 녹음 파일을 찾지 못해 발생하는 오류인 경우가 많으니, 절대 앱을 삭제하지 마시고 잠시만 기다려 주시기 바랍니다(삭제 시 녹음 파일도 삭제되어 복구가 불가능 합니다. ).번거로우시겠지만 아래 확인사항을 따라주시면 문제 원인 파악에 도움이 됩니다.1. 녹음 파일이 실제로 저장되었는지 확인공유하려는 장의 전체 절을 재생해 보세요.(전체재생 실행)일부 절에서 소리가 전혀 나오지 않으면 그 절만 선택해 다시 녹음해 주세요.간혹 ‘녹음 완료’ 표시가 있어도 실제로는 녹음이 되지 못한 경우가 있어 전체 재생으로 꼭 확인해 주십시오.2. 임시 공유 방법녹음 본문 화면에서 구절을 모두 선택한 뒤, 하단바에 [공유] 버튼으로 공유해주세요.문의 남겨주셔서 감사합니다. 그리고 다시 한번 불편을 드려 죄송합니다. 빠르게 문제를 확인하여 개선 할 수 있도록 최선을 다하겠습니다 .항상 성도님께 좋은 성경앱을 제공하기 위해 노력하는 바이블 애플이 되겠습니다.감사합니다. 주님 안에서 평안하세요."
11594,음성녹음 다운로드 안됩니다. 오류발생,"안녕하세요 바이블 애플입니다.불편을 드려 죄송합니다. 현재 녹음 파일 공유 오류 관련하여 동일 증상에 대한 다수 문의가 접수되어 내부적으로 원인 확인 및 수정 작업을 진행 중입니다. 이 문제는 앱이 녹음 파일을 찾지 못해 발생하는 오류인 경우가 많으니, 절대 앱을 삭제하지 마시고 잠시만 기다려 주시기 바랍니다(삭제 시 녹음 파일도 삭제되어 복구가 불가능 합니다. ).번거로우시겠지만 아래 확인사항을 따라주시면 문제 원인 파악에 도움이 됩니다.1. 녹음 파일이 실제로 저장되었는지 확인공유하려는 장의 전체 절을 재생해 보세요.(전체재생 실행)일부 절에서 소리가 전혀 나오지 않으면 그 절만 선택해 다시 녹음해 주세요.간혹 ‘녹음 완료’ 표시가 있어도 실제로는 녹음이 되지 못한 경우가 있어 전체 재생으로 꼭 확인해 주십시오.2. 임시 공유 방법녹음 본문 화면에서 구절을 모두 선택한 뒤, 하단바에 [공유] 버튼으로 공유해주세요.문의 남겨주셔서 감사합니다. 그리고 다시 한번 불편을 드려 죄송합니다. 빠르게 문제를 확인하여 개선 할 수 있도록 최선을 다하겠습니다 .항상 성도님께 좋은 성경앱을 제공하기 위해 노력하는 바이블 애플이 되겠습니다.감사합니다. 주님 안에서 평안하세요."
11593,파일공유 에러,"안녕하세요 바이블 애플입니다.불편을 드려 죄송합니다. 현재 녹음 파일 공유 오류 관련하여 동일 증상에 대한 다수 문의가 접수되어 내부적으로 원인 확인 및 수정 작업을 진행 중입니다. 이 문제는 앱이 녹음 파일을 찾지 못해 발생하는 오류인 경우가 많으니, 절대 앱을 삭제하지 마시고 잠시만 기다려 주시기 바랍니다(삭제 시 녹음 파일도 삭제되어 복구가 불가능 합니다. ).번거로우시겠지만 아래 확인사항을 따라주시면 문제 원인 파악에 도움이 됩니다.1. 녹음 파일이 실제로 저장되었는지 확인공유하려는 장의 전체 절을 재생해 보세요.(전체재생 실행)일부 절에서 소리가 전혀 나오지 않으면 그 절만 선택해 다시 녹음해 주세요.간혹 ‘녹음 완료’ 표시가 있어도 실제로는 녹음이 되지 못한 경우가 있어 전체 재생으로 꼭 확인해 주십시오.2. 임시 공유 방법녹음 본문 화면에서 구절을 모두 선택한 뒤, 하단바에 [공유] 버튼으로 공유해주세요.문의 남겨주셔서 감사합니다. 그리고 다시 한번 불편을 드려 죄송합니다. 빠르게 문제를 확인하여 개선 할 수 있도록 최선을 다하겠습니다 .항상 성도님께 좋은 성경앱을 제공하기 위해 노력하는 바이블 애플이 되겠습니다.감사합니다. 주님 안에서 평안하세요."
11592,"변환에러 뜹니다 12,13,14절....","안녕하세요 GOODTV 바이블 애플입니다.불편을 드려 죄송합니다.현재 녹음 파일 공유 오류 관련하여 동일 증상에 대한 다수 문의가 접수되어 내부적으로 원인 확인 및 수정 작업을 진행 중입니다.이 문제는 앱이 녹음 파일을 찾지 못해 발생하는 오류인 경우가 많으니,절대 앱을 삭제하지 마시고 잠시만 기다려 주시기 바랍니다(삭제 시 녹음 파일도 삭제되어 복구가 불가능 합니다.)번거로우시겠지만 아래 확인사항을 따라주시면 문제 원인 파악에 도움이 됩니다.1. 녹음 파일이 실제로 저장되었는지 확인공유하려는 장의 전체 절을 재생해 보세요.(전체재생 실행)일부 절에서 소리가 전혀 나오지 않으면 그 절만 선택해 다시 녹음해 주세요.간혹 ‘녹음 완료’ 표시가 있어도 실제로는 녹음이 되지 못한 경우가 있어 전체 재생으로 꼭 확인해 주십시오.2. 임시 공유 방법녹음 본문 화면에서 구절을 모두 선택한 뒤, 하단바에 [공유] 버튼으로 공유해주세요.문의 남겨주셔서 감사합니다. 그리고 다시 한번 불편을 드려 죄송합니다.빠르게 문제를 확인하여 개선 할 수 있도록 최선을 다하겠습니다 .항상 성도님께 좋은 성경앱을 제공하기 위해 노력하는 바이블 애플이 되겠습니다.감사합니다. 주님 안에서 평안하세요."
11591,명상이라는 단어가 나오는데요  읊조리다와 거리가 멀게 느껴집니다  타종교의 명상이 생각나서 은혜가 안되니 확인 부탁드립니다.,"안녕하세요, GOODTV 바이블 애플입니다. 바이블 애플을 이용해주셔서 감사드립니다.성도님, 불편을 드려 죄송합니다. 다만, 해당 단어를 찾기가 어려워 구체적인 위치를 1:1 문의를 통해 다시 남겨주시면확인 후 내부 논의를 진행할 수 있도록 하겠습니다. 항상 주님 안에서 평안하세요, 감사합니다."
11590,안녕하세요. 안내해 주신대로 로그아웃 후 로그인 했으나 노트 데이터가 복구되지 않습니다. 다른 방법은 없나요.,"안녕하세요 바이블 애플입니다. 성도님 불편을 드려 진심으로 죄송한 마음입니다. 1차적으로 로그인적인 문제가 있으셔서 해당 문제를 개선 후 안내를 드렸는데문제가 해결되지 않았다고 하셔서 노트 정보를 받는 부분을 더욱 면밀히 살표보았습니다. 성도님의 노트가 너무 많아서 해당 정보가 불러와 지지 않아 중간에 멈추는 현상이 생겼습니다. (로그아웃을 하면 기존 정보를 지운 후 로그인 하면 해당 계정의 데이터를 불러와서 앱에 저장합니다. 동기화기능)현재 성도님의 노트는 계속 저장되고 있음을 확인하였고최근 저장하신 정보는 2025.09.22. 히브리서 11장 35,38,39절 노트 작성하신것 확인 되십니다. 해당 부분 개선 개발할 예정이오니 로그아웃하지 마시고 조금만 기다려 주시길 부탁드립니다. 개발에서 업데이트까지 시일이 다소 소요 될 수 있는 점 너른마음으로 양해부탁드립니다. 다시 한번 불편을 드려 너무 죄송합니다. 항상 말씀을 가까이 하시는 성도님을 응원합니다. 감사합니다. 메일 주신 문의에도 동일한 답변이 답신됩니다."
11589,안녕하세요 NIV new 버전은 목록에 없는데 어떻게 읽을 수 있나요?,"안녕하세요, GOODTV 바이블 애플입니다.바이블 애플을 이용해주셔서 감사드립니다.현재 보시고 있는 화면에서 [NEW] 표시는최근 새롭게 탑재한 번역본을 의미합니다.저희 바이블 애플은 올해 ESV와 NASB를 새롭게 탑재했습니다. (과거에는 해당 번역본 미탑재)따라서 탑재된 NIV 성경에는 별도의 NEW 버전이 없음을 안내드립니다.항상 주님 안에서 평안하세요, 감사합니다."
11588,성경 읽을때 아래쪽 메뉴가 화면을 많이 가려서요.. 혹시 아래쪽 메뉴를 끄는 기능이 있을까요?,"안녕하세요, GOODTV 바이블 애플입니다.바이블 애플을 이용해주셔서 감사드립니다.음원 재생 및 녹음 기능을 자주 이용하시지 않는다면 좌측 상단 스피커 버튼 [🔈↕] 을 클릭해주세요.하단 재생바를 숨기거나 노출 시킬 수 있습니다. 답변이 성도님께 도움이 되길 소망합니다. 항상 주님 안에서 평안하세요, 감사합니다."
11587,성경통독표를 눌러서 들어가면 항상 1일차부터 나옵니다. 9월까지 내려가려면 항상 스크롤을 해야 하는데.. 그리고 통독표 모드를 작동시켜도 클릭했을 때 그쪽으로 이동하지 않습니다. 어떻게 해야 할까요?,"안녕하세요, GOODTV 바이블 애플입니다.바이블 애플을 이용해주셔서 감사드립니다.성도님께서 첨부해주신 화면을 토대로 확인해본 결과,해당 통독 계획은 2025년 1월을 목표로 설정되어 이미 기한이 지난 통독으로 확인됩니다.통독 기한과는 관계 없이 이어 읽으실 수는 있으나,기한이 지난 통독은 자동으로 스크롤 되거나, 오늘 읽어야 할 분량이 안내 되지 않습니다.이 점 유의하시어 이용을 부탁드립니다.다른 궁금한 점이 있으시거나 제안하실 의견이 있으시다면언제든 1:1 문의로 남겨주세요 .(고객문의는 월 - 금 09:00-18:00 중 답변을 드리고 있습니다. 양해를 부탁드립니다. )항상 주님 안에서 평안하세요, 감사합니다."
11586,안녕하세요 이 귀한 앱 너무 감사합니다  Niv 창세기 10:8 Fa th er라는 단어가 오타났습니다,"안녕하세요, GOODTV 바이블 애플입니다.바이블 애플을 이용해주셔서 감사드립니다.제보에 감사드립니다. 성도님께서 말씀해주신 NIV 창세기 10장 8절 오탈자를 확인하였습니다.fathern → father 로 수정할 수 있도록 하겠습니다. 오탈자 수정은 앱 업데이트가 필요하여 다소 시간이 소요될 수 있음을 양해부탁드립니다.소중한 제보에 다시 한번 감사드리며,묵상 중 오탈자로 인해 불편을 드린 점 사과드립니다.빠르게 대처하여 성도님들께서 묵상하실 때 불편을 최소화할 수 있는바이블 애플이 되겠습니다.항상 주님 안에서 평안하세요, 감사합니다."
11585,성경음원재생이 안보여요,"안녕하세요, GOODTV 바이블 애플입니다.바이블 애플을 이용해주셔서 감사드립니다.성도님, 성경 음원 재생 버튼 뿐만 아니라 하단 재생 메뉴 전체가 안보이시는 걸까요?성경 본문 위, 예를 들어 [창세기 1장]이라고 쓰여있는 곳 바로 아래에 [] 좌우 화살표와 스피커 모양 [🔈↕] 버튼이 있어요.이 스피커 버튼을 눌러주시면 음원 재생 메뉴가 나타나거나 숨겨집니다.아래 사진을 첨부했으니, 참고해주세요.* 세 번째 첨부 사진을 보시면, 해당 표시 (주황색 스피커) 가 있는 번역본만 음원을 제공하고 있습니다. 만약, 성경 본문 상단 스피커 버튼을 누른 뒤에도 음원 재생 버튼이 보이지 않으신다면1:1 문의로 다시 남겨주세요. 최대한 빠르게 답변드리겠습니다.항상 주님 안에서 평안하세요, 감사합니다."
11584,"수고하십니다 아이폰유저인데 기존에 성경구절 더블 터치시에  최하단의 인터페이스가 숨겨졌었는데요, 이제는 더블터치하면 앱이 강제로 종료되는 오류가 있습니다. 감사합니다","안녕하세요, GOODTV 바이블 애플입니다.바이블 애플을 이용해주셔서 감사드립니다.해당 오류 수정하여 업데이트 대기중에 있습니다.앱 스토어 업데이트는 심사에 이틀 정도 소요될 수 있어, 수정된 앱 버전은 다음 주중 만나보실 수 있을 것으로 보입니다. 불편을 드린 점 죄송합니다.다음 주 업데이트 후에도 동일한 현상이 발생하면번거로우시겠지만 고객문의로 다시 한번 연락을 부탁드립니다. 항상 주님 안에서 평안하세요, 감사합니다."
11583,혹시 어플 제거후 재설치 하면 녹음이 리셋될수 있나요?1독후 재 녹음 하려는데 전체 녹음 삭제기능은 안보여서 문의드려요,"안녕하세요, GOODTV 바이블 애플입니다.바이블 애플을 이용해주셔서 감사드립니다.네 , 앱을 삭제 후 재설치하시면 모든 녹음 파일이 삭제됩니다.작성하신 노트, 형광펜, 통독, 북마크 기록은 계정에 기록되어앱 재설치 후 사용하고 계신 계정으로 로그인 해주시면 다시 확인이 가능합니다. 항상 주님 안에서 평안하세요, 감사합니다."
11582,중국어 음원은 어떻게 받나요?,"안녕하세요, GOODTV 바이블 애플입니다.바이블 애플을 이용해주셔서 감사드립니다.아쉽게도 현재 바이블 애플에서 제공 중인 성경 음원에는 중국어 음원이 포함되어 있지 않습니다.음원 듣기가 가능한 번역본은 다음과 같습니다.(한글성경)개역개정, 우리말성경, 표준새번역(영문성경) ESV, NIV(일본어성경)신공동역바이블 애플의 번역본은 모두 저작권 계약을 통해 탑재되고 있습니다.따라서 새로운 번역본 탑재에는 다소 시간이 소요될 수 있음을 더불어 알려드립니다.항상 주님 안에서 평안하세요, 감사합니다."
11581,안녕하세요. 노트 작성에 대한 문의에 대한 답변이 없어서 연락합니다. 사라진 노트작성이 북구 가능한 건지 안 되는 건지 답변 주시면 감사하겠습니다.,안녕하세요. 바이블 애플입니다.바이블 애플을 이용해주셔서 감사합니다.노트 데이터는 9286개의 데이터가 현재 서버에 저장되어 있는 것으로 확인됩니다.로그아웃을 하셨다가 다시 로그인을 하셔도 노트가 보이시지 않으시다면녹음하신 음원이 없으신경우 앱을 지웠다 재설치하시고 기존에 사용하시던 네이버 간편로그인으로 로그인하시면 노트를 다시 이용하실 수 있으실 것 같습니다.답변이 늦어져서 정말 죄송합니다.오늘도 주님 안에서 평안하세요.
11580,"아이폰에서 너무 잘 사용하고 있어요~ 너무 좋아서 추천도 많이 한답니다~ 아이패드에서도 잘 쓰고 싶은데, 세로모드에서는 잘 돌아가는데 가로모드에서는 위아래가 잘려보입니다. 가로모드에서도 제대로 보일 수 있게 개선해주시면 좋겠습니다. 큐티를 하다가 성경을 찾을 일이 있는데 가로모드로 보다가 다시 세로모드로 변경해야하니 좀 불편해서 안쓰게 되고, 웹에서 찾게 되더라구요.  그런데 세로모드로 돌렸다가 가로모드로 하면 잘 보입니다. 처음 실행할 때 가로모드로 실행하면 첨부 사진과 같이 잘립니다.  좋은 성경 어플을 만들어주셔서 정말 감사합니다.","안녕하세요, GOODTV 바이블 애플입니다.바이블 애플을 이용해주셔서 감사드립니다.바이블 애플을 잘 사용하고 계시다는 성도님의 말씀이 무척 기쁘고 감사합니다.운영 과정에서 전해주시는 따뜻한 격려가 내부 개발진에게 큰 힘이 되고 있습니다.문의 주신 ""아이패드 가로모드 사용 시 화면 최적화 오류"" 문제는현재 바이블 애플이 일반 휴대전화에 맞춰 제작되었기 때문에 나타나는 현상입니다. 따라서 태블릿에서 앱을 열면 휴대전화 화면 비율과 비슷한 세로모드에서는 화면에 큰 문제가 없지만가로 모드는 제작된 범위보다 넓어지면서 좀처럼 본문이 잘 보이지 않거나, 위아래가 잘려보이는 문제가 생기게 됩니다.현재 개발진은 태블릿 환경에서도 원활히 사용하실 수 있도록 태블릿 전용 화면을 만드는 작업을 진행하고 있습니다.구체적인 시기를 확정해 말씀드리긴 어렵지만, 연내 업데이트를 목표로 최대한 빠르게 개선해드리고자 합니다.그동안은 다소 불편하시더라도 조금만 기다려 주시면 감사하겠습니다. 이번에 원활한 경험을 드리지 못한 점 진심으로 송구합니다.바이블 애플이 성도님과 하나님의 말씀 사이에서 더욱 튼튼하고 편리한 다리가 되도록, 앞으로도 귀한 의견에 귀 기울이며 발전하겠습니다.항상 주님 안에서 평안한 하루 되세요, 감사합니다."
11577,찬송가  11장음원이  책에 있는 곡이랑 다르게 나오는데 왜 그런지요,"안녕하세요, GOODTV 바이블 애플입니다.바이블 애플을 이용해주셔서 감사드립니다.현재 찬송가 11장을 포함, 61장, 194장까지 3장이 교체되었습니다.바이블 애플은 기존 찬송가 목록으로 제공하고 있다보니성도님이 보고 계시는 책과 다른 곡이 실려있습니다.내부에서도 해당 사실을 인지하고 있으며차후 수정할 수 있도록 조치하겠습니다.항상 주님 안에서 평안하세요, 감사합니다."
11576,"두가지 버전 낭독할때,동시에 음성 나오게 해 주세요  예를들면 개역한글 1장 1절 읽고 개역 개정 1절 읽고","안녕하세요. GOODTV 바이블 애플입니다.성도님, 말씀 주신 내용은 각각의 다른 음원들 재생시키는 기능이라 현재 바로 적용은 어려우나추후 이 기능이 될 수 있도록 내부적으로 검토해 보도록 하겠습니다.항상 주님안에서 평안하세요.감사합니다."
11574,성경통독 하루 5장 시작하려는데 하루 5장을 누르고 확인 누르면 화면이 잆어집니다,"안녕하세요, GOOD TV 바이블 애플입니다.바이블 애플 앱을 이용해주셔서 감사드립니다.성도님, 성경통독 하루 5장 시작하신다는 말씀이 성경 통독 계획을 새로 만드실 때를 말씀하시는 걸까요?아니면 만들어진 통독을 하기 위해 접속했을 때 화면이 꺼진다는 말씀이실까요?내부 확인 결과, 성도님께서는 「온 가족이 함께하는 잠언 통독, 하루 5장」 계획을 생성하시고잠언 5장까지 진행하신 것으로 확인됩니다.혹시 이 통독 계획과는 별도로 새로운 계획을 세우시려는 것인지, 아니면 해당 통독을 진행하는 과정에서 화면이 사라지는 현상을 겪으신 것인지 구체적으로 알려주시면,확인 후 빠르게 도움드리겠습니다.성도님과 함께 성장하는 바이블 애플이 되겠습니다.감사합니다. 주님 안에서 평안하세요."
11573,이번업데이트 이후 폴드7에서 복사 버튼이 보이지 않습니다. 완전히 펼쳐 넓게 하면 그제서야 나타납니다. 항상 좋은 앱으로 공급하심에 감사드립니다.,"안녕하세요, GOOD TV 바이블 애플입니다.바이블 애플앱을 이용해주셔서 감사드립니다.성도님, 문의 남겨주셔서 감사합니다.사용중이신 기종 (갤럭시 Z 폴드7) 정보를 확인하였습니다.해당 오류는 폴드 기종 특성 상 접었을 때 통상적인 휴대전화의 비율이 아니다보니 화면이 최적화되지 못해 발생하는 것으로,내부 개발진이 수정중에 있습니다. 추후 업데이트 시 최대한 수정하도록 하겠습니다.불편을 드린 점 무척 죄송한 마음을 전해드리며, 성도님과 함께 성장하는 바이블 애플이 되겠습니다.주님 안에서 평안한 하루 보내세요, 감사합니다."
11572,본문내용과 음성이 틀린 곳이 있어 알려드립니다.,"안녕하세요, GOODTV 바이블 애플입니다.바이블 애플을 이용해주셔서 감사드립니다.성도님의 세심함과 정성이 담긴 제보에 감사드립니다.말씀을 사랑하는 성도님의 마음에 기쁘게 함께하며 바이블 애플도 최선을 다하겠습니다.음원과 말씀이 불일치하는 경우에 대해 잠시를 안내를 드립니다.음원은 제작 당시의 성경 본문을 바탕으로 녹음되었습니다.그러나 성경 본문은 꾸준한 번역 연구를 통해 수시로 어미, 단어, 내용 등이 수정되는 반면,음원은 사람이 녹음하는 특성 상 수시로, 일부분만 수정하기 어렵다보니 성경과 달리 들리는 부분이 생기게 됩니다.음원 수정은 전체 재녹음 후 교체작업이 필요하여, 시간이 다소 소요될 수 있음을 양해부탁드립니다.소중하게 작성해서 제보해주신 내용은 반영 시 참고할 수 있도록 잘 모아 관리하고 있습니다.지속적으로 음원 제작 방식에 대한 고민을 함께하고 있습니다.보다 더 편하고 즐거운 묵상이 되실 수 있도록 서비스를 발전시켜나가겠습니다.다시한번 깊은 감사의 말씀을 드리며,오늘 하루도 하나님 안에서 평안한 하루 되세요."
11571,안녕하세요  한중성경을 볼수있어 감사합니다 혹시 좌우로 대조해서 볼수 없나요,"안녕하세요, GOODTV 바이블 애플 입니다.바이블 애플을 이용해주셔서 감사드립니다.현재 앱에서는 두 번역본을 위·아래로 배치하여 비교하는 기능만 제공하고 있습니다. 모바일 화면의 특성상 두 번역본을 좌우로 나란히 배치할 경우 글자 크기가 지나치게 작아져가독성이 떨어지기 때문에, 현 단계에서는 좌우 배열을 지원하기가 어렵습니다.추후 다양한 디바이스 환경에 맞는 개선 방안을 검토하는 과정에서 참고하도록 하겠습니다.소중한 의견 보내주셔서 감사합니다.항상 주님 안에서 평안하세요,"
